order_id,customer_id,order_date
O000000,C00266,2025-08-20
O000001,C00399,2025-05-31
O000002,C00301,2024-12-15
O000003,C00812,2025-08-10
O000004,C00711,2025-02-19
O000005,C00346,2025-02-19
O000006,C00848,2025-01-26
O000007,C00859,2024-10-12
O000008,C00454,2025-07-28
O000009,C00744,2024-08-26
O000010,C00473,2024-10-23
O000011,C00968,2024-11-12
O000012,C00711,2024-11-30
O000013,C00920,2024-10-08
O000014,C00066,2024-08-27
O000015,C00377,2025-04-25
O000016,C00617,2025-08-09
O000017,C00144,2024-10-04
O000018,C00813,2024-12-07
O000019,C00935,2025-02-21
O000020,C00463,2025-07-25
O000021,C00803,2025-05-01
O000022,C00556,2025-05-27
O000023,C00350,2025-03-21
O000024,C00890,2025-01-20
O000025,C00606,2024-11-01
O000026,C00671,2025-07-02
O000027,C00774,2025-06-10
O000028,C00892,2024-08-30
O000029,C00199,2025-05-09
O000030,C00759,2024-09-20
O000031,C00032,2025-05-17
O000032,C00155,2025-06-18
O000033,C00732,2024-10-07
O000034,C00268,2025-01-26
O000035,C00780,2024-10-05
O000036,C00715,2025-03-16
O000037,C00223,2025-07-25
O000038,C00582,2024-09-19
O000039,C00146,2025-01-13
O000040,C00144,2025-08-11
O000041,C00361,2024-12-08
O000042,C00248,2024-10-08
O000043,C00441,2025-02-15
O000044,C00910,2025-02-22
O000045,C00189,2025-04-19
O000046,C00693,2024-12-13
O000047,C00955,2025-08-04
O000048,C00761,2025-02-27
O000049,C00476,2024-12-03
O000050,C00929,2025-08-06
O000051,C00209,2025-07-24
O000052,C00821,2025-02-19
O000053,C00430,2024-08-30
O000054,C00700,2025-03-26
O000055,C00841,2025-03-11
O000056,C00325,2024-10-14
O000057,C00847,2025-04-09
O000058,C00621,2025-06-23
O000059,C00637,2024-09-28
O000060,C00887,2025-05-12
O000061,C00208,2024-10-11
O000062,C00054,2025-05-21
O000063,C00809,2025-01-20
O000064,C00985,2024-08-23
O000065,C00297,2025-08-08
O000066,C00006,2024-10-20
O000067,C00229,2025-03-26
O000068,C00186,2024-10-26
O000069,C00220,2025-07-27
O000070,C00671,2025-05-17
O000071,C00764,2025-06-10
O000072,C00019,2025-01-25
O000073,C00984,2025-02-07
O000074,C00462,2025-04-09
O000075,C00133,2025-06-03
O000076,C00193,2025-06-26
O000077,C00202,2024-08-27
O000078,C00828,2025-04-20
O000079,C00860,2024-09-29
O000080,C00242,2024-12-04
O000081,C00988,2025-06-19
O000082,C00054,2024-11-20
O000083,C00484,2025-06-07
O000084,C00115,2025-02-05
O000085,C00358,2024-11-13
O000086,C00282,2024-12-20
O000087,C00120,2025-03-02
O000088,C00529,2025-05-27
O000089,C00392,2025-03-30
O000090,C00146,2025-07-27
O000091,C00749,2025-07-03
O000092,C00131,2025-05-22
O000093,C00367,2025-03-29
O000094,C00403,2024-12-04
O000095,C00893,2025-01-18
O000096,C00923,2024-10-03
O000097,C00983,2025-01-04
O000098,C00757,2025-07-25
O000099,C00267,2025-01-23
O000100,C00580,2024-10-01
O000101,C00119,2025-04-15
O000102,C00022,2025-08-07
O000103,C00177,2025-07-03
O000104,C00808,2024-11-29
O000105,C00192,2025-02-02
O000106,C00647,2025-03-02
O000107,C00989,2024-11-19
O000108,C00711,2024-11-27
O000109,C00894,2024-11-15
O000110,C00752,2025-08-19
O000111,C00269,2025-05-20
O000112,C00791,2025-06-23
O000113,C00054,2025-06-15
O000114,C00812,2025-08-06
O000115,C00670,2024-09-28
O000116,C00356,2025-07-08
O000117,C00257,2024-09-14
O000118,C00911,2025-02-10
O000119,C00772,2025-03-25
O000120,C00078,2024-12-29
O000121,C00254,2024-10-13
O000122,C00570,2024-10-30
O000123,C00037,2025-06-18
O000124,C00210,2024-12-15
O000125,C00906,2024-12-12
O000126,C00400,2025-07-24
O000127,C00488,2024-10-12
O000128,C00839,2025-07-21
O000129,C00096,2025-07-23
O000130,C00810,2025-03-27
O000131,C00310,2024-10-20
O000132,C00873,2024-10-16
O000133,C00229,2024-12-02
O000134,C00904,2025-03-19
O000135,C00033,2024-10-16
O000136,C00736,2025-02-03
O000137,C00848,2024-10-02
O000138,C00773,2025-03-06
O000139,C00496,2024-08-28
O000140,C00331,2025-05-06
O000141,C00364,2024-09-10
O000142,C00822,2024-10-31
O000143,C00277,2024-10-23
O000144,C00747,2025-06-20
O000145,C00655,2024-09-09
O000146,C00556,2025-01-24
O000147,C00774,2025-03-24
O000148,C00789,2025-02-25
O000149,C00902,2025-04-26
O000150,C00664,2025-06-10
O000151,C00236,2025-01-11
O000152,C00929,2025-06-19
O000153,C00561,2024-12-15
O000154,C00932,2025-08-15
O000155,C00826,2025-02-21
O000156,C00577,2025-05-16
O000157,C00195,2025-07-06
O000158,C00050,2025-06-06
O000159,C00797,2025-06-27
O000160,C00307,2025-03-04
O000161,C00330,2024-09-05
O000162,C00925,2025-02-16
O000163,C00826,2024-10-26
O000164,C00258,2025-07-11
O000165,C00633,2024-11-15
O000166,C00630,2024-11-12
O000167,C00559,2024-11-20
O000168,C00582,2025-04-12
O000169,C00640,2025-03-17
O000170,C00477,2025-08-02
O000171,C00772,2025-01-19
O000172,C00382,2024-12-02
O000173,C00167,2024-09-07
O000174,C00511,2024-08-23
O000175,C00017,2025-01-04
O000176,C00211,2025-07-24
O000177,C00199,2025-02-28
O000178,C00727,2025-07-13
O000179,C00850,2024-09-27
O000180,C00131,2024-09-24
O000181,C00835,2025-06-21
O000182,C00280,2024-09-28
O000183,C00125,2024-09-08
O000184,C00127,2025-01-15
O000185,C00076,2025-07-24
O000186,C00798,2025-04-29
O000187,C00022,2024-09-26
O000188,C00414,2025-06-22
O000189,C00348,2025-06-24
O000190,C00125,2025-06-09
O000191,C00767,2025-07-16
O000192,C00593,2024-11-16
O000193,C00213,2025-08-13
O000194,C00064,2024-12-16
O000195,C00929,2025-06-09
O000196,C00879,2025-03-20
O000197,C00477,2025-06-01
O000198,C00485,2025-04-07
O000199,C00100,2025-04-12
O000200,C00677,2025-04-02
O000201,C00050,2025-06-01
O000202,C00905,2025-05-17
O000203,C00941,2024-10-09
O000204,C00678,2025-06-18
O000205,C00396,2025-03-04
O000206,C00998,2024-12-16
O000207,C00646,2025-02-24
O000208,C00366,2025-08-08
O000209,C00903,2025-06-30
O000210,C00918,2025-06-21
O000211,C00169,2025-02-05
O000212,C00532,2025-06-03
O000213,C00907,2025-01-08
O000214,C00909,2025-04-28
O000215,C00300,2025-04-11
O000216,C00199,2024-11-20
O000217,C00395,2024-11-26
O000218,C00253,2024-09-12
O000219,C00506,2024-10-11
O000220,C00605,2025-01-26
O000221,C00521,2025-02-11
O000222,C00301,2024-10-20
O000223,C00720,2025-01-20
O000224,C00060,2025-03-29
O000225,C00521,2024-11-13
O000226,C00119,2024-12-22
O000227,C00728,2025-01-02
O000228,C00626,2025-02-21
O000229,C00868,2025-01-01
O000230,C00892,2025-05-16
O000231,C00307,2024-12-18
O000232,C00586,2025-01-26
O000233,C00203,2025-01-06
O000234,C00391,2024-10-26
O000235,C00590,2025-04-28
O000236,C00116,2024-11-14
O000237,C00626,2024-12-07
O000238,C00016,2025-06-06
O000239,C00057,2025-08-02
O000240,C00878,2025-04-22
O000241,C00080,2025-07-21
O000242,C00533,2025-06-28
O000243,C00410,2025-02-12
O000244,C00508,2025-05-29
O000245,C00869,2024-12-18
O000246,C00895,2025-02-05
O000247,C00802,2025-03-04
O000248,C00394,2025-08-06
O000249,C00064,2025-06-26
O000250,C00230,2025-02-15
O000251,C00760,2025-04-16
O000252,C00727,2024-11-02
O000253,C00634,2025-06-10
O000254,C00902,2025-03-10
O000255,C00970,2025-03-03
O000256,C00956,2025-05-27
O000257,C00054,2025-04-09
O000258,C00705,2024-09-16
O000259,C00339,2024-12-04
O000260,C00312,2024-10-24
O000261,C00174,2025-05-16
O000262,C00277,2024-09-02
O000263,C00309,2024-11-02
O000264,C00572,2025-03-27
O000265,C00961,2025-05-01
O000266,C00088,2025-02-20
O000267,C00709,2025-07-01
O000268,C00590,2025-07-22
O000269,C00362,2024-10-08
O000270,C00343,2025-08-03
O000271,C00621,2025-04-02
O000272,C00545,2025-04-10
O000273,C00496,2024-09-24
O000274,C00942,2025-04-04
O000275,C00801,2025-05-12
O000276,C00024,2025-03-20
O000277,C00501,2024-09-20
O000278,C00284,2025-02-27
O000279,C00373,2025-07-28
O000280,C00600,2025-05-12
O000281,C00234,2024-10-10
O000282,C00041,2025-08-06
O000283,C00798,2025-08-05
O000284,C00490,2024-10-21
O000285,C00244,2025-06-09
O000286,C00478,2025-01-16
O000287,C00253,2025-03-25
O000288,C00064,2025-01-30
O000289,C00067,2025-06-02
O000290,C00059,2025-08-19
O000291,C00273,2025-06-07
O000292,C00747,2025-07-26
O000293,C00574,2025-08-01
O000294,C00887,2024-09-22
O000295,C00942,2024-11-21
O000296,C00293,2025-05-11
O000297,C00632,2025-03-24
O000298,C00329,2024-09-08
O000299,C00416,2024-09-24
O000300,C00745,2025-02-26
O000301,C00406,2025-04-02
O000302,C00931,2024-10-21
O000303,C00786,2024-10-22
O000304,C00472,2024-10-07
O000305,C00540,2025-03-15
O000306,C00795,2024-08-23
O000307,C00186,2025-03-17
O000308,C00987,2025-02-10
O000309,C00349,2025-02-07
O000310,C00826,2025-04-25
O000311,C00710,2025-02-27
O000312,C00414,2025-05-13
O000313,C00972,2025-05-26
O000314,C00756,2025-07-22
O000315,C00818,2025-06-08
O000316,C00613,2025-02-25
O000317,C00614,2025-02-16
O000318,C00524,2024-11-15
O000319,C00752,2025-03-27
O000320,C00465,2024-10-10
O000321,C00601,2025-07-26
O000322,C00093,2025-06-25
O000323,C00596,2024-10-03
O000324,C00330,2025-06-03
O000325,C00086,2024-10-02
O000326,C00210,2025-05-11
O000327,C00404,2024-09-22
O000328,C00540,2025-02-15
O000329,C00991,2025-04-18
O000330,C00520,2025-05-14
O000331,C00059,2025-01-20
O000332,C00233,2025-07-23
O000333,C00394,2025-05-30
O000334,C00704,2024-11-05
O000335,C00669,2025-04-22
O000336,C00065,2025-05-14
O000337,C00406,2024-12-20
O000338,C00355,2025-05-17
O000339,C00193,2025-07-14
O000340,C00279,2025-06-15
O000341,C00715,2025-05-26
O000342,C00033,2025-04-09
O000343,C00987,2024-11-27
O000344,C00018,2025-06-07
O000345,C00455,2024-12-31
O000346,C00579,2025-03-03
O000347,C00307,2024-12-13
O000348,C00903,2024-12-13
O000349,C00107,2024-10-17
O000350,C00844,2025-08-06
O000351,C00730,2024-10-13
O000352,C00978,2024-09-21
O000353,C00188,2025-07-28
O000354,C00735,2025-03-11
O000355,C00836,2025-01-27
O000356,C00292,2025-05-17
O000357,C00966,2025-01-07
O000358,C00255,2024-10-06
O000359,C00764,2025-05-14
O000360,C00813,2024-10-24
O000361,C00008,2025-03-10
O000362,C00192,2025-08-02
O000363,C00996,2025-07-28
O000364,C00111,2024-12-30
O000365,C00059,2025-06-01
O000366,C00639,2025-04-01
O000367,C00806,2025-02-11
O000368,C00677,2024-10-11
O000369,C00859,2025-01-05
O000370,C00272,2025-04-15
O000371,C00073,2025-08-16
O000372,C00261,2024-08-22
O000373,C00590,2025-05-09
O000374,C00980,2025-06-25
O000375,C00752,2025-08-03
O000376,C00194,2025-01-22
O000377,C00336,2024-10-03
O000378,C00869,2024-11-27
O000379,C00993,2025-06-27
O000380,C00131,2025-07-07
O000381,C00016,2025-04-10
O000382,C00839,2024-10-04
O000383,C00041,2024-10-04
O000384,C00531,2025-02-11
O000385,C00290,2025-03-23
O000386,C00666,2024-09-01
O000387,C00978,2025-04-28
O000388,C00474,2025-03-07
O000389,C00721,2024-08-25
O000390,C00039,2024-09-24
O000391,C00959,2025-02-02
O000392,C00486,2025-05-11
O000393,C00375,2025-06-18
O000394,C00594,2025-01-25
O000395,C00453,2024-12-06
O000396,C00316,2025-08-09
O000397,C00426,2025-02-04
O000398,C00136,2024-12-14
O000399,C00580,2025-01-29
O000400,C00810,2024-08-25
O000401,C00799,2024-12-09
O000402,C00138,2025-02-25
O000403,C00707,2025-07-22
O000404,C00284,2025-05-17
O000405,C00827,2025-06-02
O000406,C00908,2025-03-07
O000407,C00516,2024-09-30
O000408,C00875,2025-01-10
O000409,C00729,2025-08-19
O000410,C00770,2024-09-06
O000411,C00726,2025-07-07
O000412,C00531,2025-04-27
O000413,C00244,2024-12-02
O000414,C00096,2025-05-31
O000415,C00516,2025-06-22
O000416,C00686,2024-09-05
O000417,C00140,2024-09-28
O000418,C00348,2025-04-20
O000419,C00390,2025-08-20
O000420,C00796,2024-08-29
O000421,C00393,2025-04-20
O000422,C00072,2024-10-09
O000423,C00568,2025-04-15
O000424,C00604,2025-04-05
O000425,C00048,2024-09-23
O000426,C00955,2025-04-26
O000427,C00603,2025-07-14
O000428,C00788,2025-07-02
O000429,C00250,2024-08-31
O000430,C00732,2024-11-18
O000431,C00950,2024-11-16
O000432,C00129,2025-02-02
O000433,C00646,2024-10-12
O000434,C00592,2025-06-28
O000435,C00749,2025-05-31
O000436,C00189,2025-06-12
O000437,C00088,2024-11-01
O000438,C00488,2024-08-26
O000439,C00950,2025-07-19
O000440,C00164,2024-12-04
O000441,C00859,2025-04-17
O000442,C00183,2025-07-18
O000443,C00601,2024-09-03
O000444,C00935,2024-08-22
O000445,C00932,2024-08-22
O000446,C00697,2024-10-17
O000447,C00295,2024-09-08
O000448,C00855,2025-06-16
O000449,C00604,2025-03-30
O000450,C00438,2025-08-13
O000451,C00411,2025-06-09
O000452,C00910,2025-08-07
O000453,C00222,2024-11-16
O000454,C00583,2024-12-04
O000455,C00138,2025-06-27
O000456,C00191,2024-11-18
O000457,C00235,2024-09-10
O000458,C00566,2025-04-22
O000459,C00348,2025-06-09
O000460,C00932,2025-08-09
O000461,C00703,2025-07-25
O000462,C00790,2024-10-03
O000463,C00065,2025-05-29
O000464,C00201,2025-06-25
O000465,C00263,2025-05-02
O000466,C00272,2025-06-16
O000467,C00898,2025-06-22
O000468,C00020,2025-01-30
O000469,C00401,2024-09-04
O000470,C00153,2025-02-03
O000471,C00668,2024-11-02
O000472,C00010,2024-10-01
O000473,C00573,2024-10-05
O000474,C00401,2025-05-02
O000475,C00857,2025-02-21
O000476,C00896,2025-03-06
O000477,C00322,2025-05-19
O000478,C00139,2025-03-09
O000479,C00472,2025-04-07
O000480,C00339,2024-09-21
O000481,C00969,2025-06-27
O000482,C00803,2025-01-31
O000483,C00622,2024-10-16
O000484,C00090,2025-06-13
O000485,C00024,2025-05-16
O000486,C00609,2024-09-09
O000487,C00573,2024-10-30
O000488,C00311,2024-08-26
O000489,C00596,2024-11-27
O000490,C00556,2024-09-26
O000491,C00605,2025-05-07
O000492,C00016,2025-02-27
O000493,C00120,2025-08-13
O000494,C00625,2025-05-21
O000495,C00296,2025-04-01
O000496,C00270,2025-02-22
O000497,C00057,2024-09-09
O000498,C00297,2024-09-15
O000499,C00667,2025-04-02
O000500,C00168,2024-08-22
O000501,C00966,2024-09-05
O000502,C00078,2024-11-08
O000503,C00754,2025-07-09
O000504,C00027,2025-02-04
O000505,C00607,2025-05-06
O000506,C00424,2025-01-18
O000507,C00987,2024-10-23
O000508,C00886,2025-01-03
O000509,C00251,2024-09-23
O000510,C00651,2025-05-29
O000511,C00347,2024-10-26
O000512,C00058,2025-01-05
O000513,C00350,2025-08-13
O000514,C00769,2025-03-25
O000515,C00225,2025-02-04
O000516,C00042,2025-03-07
O000517,C00445,2025-06-03
O000518,C00370,2024-11-21
O000519,C00726,2025-04-10
O000520,C00919,2025-07-05
O000521,C00572,2025-03-17
O000522,C00398,2025-01-30
O000523,C00598,2024-10-12
O000524,C00552,2024-11-19
O000525,C00735,2025-08-01
O000526,C00453,2025-03-06
O000527,C00151,2024-12-08
O000528,C00632,2025-01-20
O000529,C00403,2025-03-19
O000530,C00767,2025-03-05
O000531,C00568,2025-05-03
O000532,C00471,2024-11-22
O000533,C00183,2025-04-14
O000534,C00289,2025-01-29
O000535,C00370,2025-07-30
O000536,C00160,2024-10-17
O000537,C00129,2024-10-14
O000538,C00564,2025-02-05
O000539,C00275,2025-02-22
O000540,C00334,2025-04-30
O000541,C00225,2025-01-15
O000542,C00749,2025-07-20
O000543,C00916,2025-02-10
O000544,C00797,2024-10-07
O000545,C00084,2024-10-03
O000546,C00476,2025-08-11
O000547,C00240,2024-10-08
O000548,C00692,2025-08-01
O000549,C00308,2024-11-30
O000550,C00549,2024-09-24
O000551,C00646,2024-12-10
O000552,C00701,2025-04-02
O000553,C00714,2025-01-24
O000554,C00779,2025-06-03
O000555,C00607,2025-04-01
O000556,C00737,2025-01-14
O000557,C00366,2025-04-09
O000558,C00220,2025-08-10
O000559,C00487,2025-01-18
O000560,C00110,2024-10-16
O000561,C00530,2025-01-17
O000562,C00924,2025-06-23
O000563,C00263,2024-11-08
O000564,C00944,2025-08-02
O000565,C00992,2025-03-23
O000566,C00454,2025-03-28
O000567,C00877,2024-12-14
O000568,C00296,2025-07-22
O000569,C00215,2024-09-03
O000570,C00231,2024-12-08
O000571,C00048,2025-01-20
O000572,C00382,2025-02-11
O000573,C00245,2025-02-10
O000574,C00209,2024-10-13
O000575,C00141,2024-11-11
O000576,C00023,2024-09-24
O000577,C00166,2025-03-17
O000578,C00488,2024-12-27
O000579,C00569,2025-03-15
O000580,C00380,2025-03-24
O000581,C00980,2025-05-04
O000582,C00383,2025-03-08
O000583,C00923,2025-04-14
O000584,C00048,2025-03-23
O000585,C00002,2025-04-16
O000586,C00034,2025-04-03
O000587,C00997,2024-12-14
O000588,C00189,2024-11-18
O000589,C00639,2025-06-04
O000590,C00222,2024-12-24
O000591,C00377,2025-03-09
O000592,C00937,2024-10-31
O000593,C00181,2025-01-25
O000594,C00138,2025-03-02
O000595,C00589,2025-04-06
O000596,C00922,2025-03-01
O000597,C00662,2024-12-30
O000598,C00948,2025-08-07
O000599,C00924,2025-02-24
O000600,C00415,2025-06-12
O000601,C00868,2025-05-16
O000602,C00456,2025-03-12
O000603,C00838,2025-07-10
O000604,C00236,2024-10-06
O000605,C00974,2025-07-23
O000606,C00948,2025-06-27
O000607,C00681,2025-02-20
O000608,C00874,2025-05-15
O000609,C00713,2025-02-26
O000610,C00420,2024-11-27
O000611,C00559,2025-06-08
O000612,C00413,2024-11-18
O000613,C00187,2024-12-13
O000614,C00395,2025-02-26
O000615,C00959,2025-06-22
O000616,C00656,2025-01-08
O000617,C00084,2025-02-17
O000618,C00810,2024-09-05
O000619,C00613,2024-10-02
O000620,C00057,2024-09-10
O000621,C00835,2024-09-16
O000622,C00137,2025-07-04
O000623,C00599,2025-06-24
O000624,C00522,2025-06-16
O000625,C00751,2024-09-10
O000626,C00712,2024-09-18
O000627,C00328,2024-12-01
O000628,C00553,2025-03-15
O000629,C00287,2024-12-20
O000630,C00857,2025-02-14
O000631,C00496,2024-10-23
O000632,C00317,2025-05-14
O000633,C00730,2024-12-13
O000634,C00706,2024-09-14
O000635,C00740,2025-05-19
O000636,C00138,2025-07-16
O000637,C00420,2024-08-26
O000638,C00538,2025-01-27
O000639,C00975,2025-06-18
O000640,C00567,2025-05-05
O000641,C00931,2025-06-29
O000642,C00240,2025-01-19
O000643,C00636,2025-01-03
O000644,C00771,2025-05-06
O000645,C00996,2024-10-16
O000646,C00340,2024-11-16
O000647,C00268,2025-03-28
O000648,C00859,2025-04-21
O000649,C00321,2024-10-03
O000650,C00363,2025-02-22
O000651,C00133,2025-01-01
O000652,C00910,2025-02-20
O000653,C00557,2025-08-05
O000654,C00387,2024-09-17
O000655,C00135,2025-08-19
O000656,C00936,2025-02-01
O000657,C00555,2025-05-29
O000658,C00136,2025-01-22
O000659,C00750,2024-12-12
O000660,C00210,2025-05-29
O000661,C00199,2025-04-28
O000662,C00232,2024-10-12
O000663,C00298,2025-05-05
O000664,C00374,2025-05-22
O000665,C00158,2025-01-09
O000666,C00028,2025-07-24
O000667,C00994,2025-04-11
O000668,C00728,2024-12-20
O000669,C00543,2024-08-24
O000670,C00789,2025-04-24
O000671,C00112,2024-11-05
O000672,C00473,2025-05-24
O000673,C00848,2025-02-28
O000674,C00192,2025-02-07
O000675,C00215,2024-10-19
O000676,C00338,2025-05-07
O000677,C00035,2024-10-20
O000678,C00738,2025-01-20
O000679,C00095,2025-06-22
O000680,C00160,2025-07-22
O000681,C00604,2025-08-17
O000682,C00711,2025-08-05
O000683,C00382,2025-03-11
O000684,C00451,2024-11-02
O000685,C00671,2025-06-23
O000686,C00242,2025-06-09
O000687,C00921,2025-08-17
O000688,C00649,2025-04-15
O000689,C00043,2024-10-11
O000690,C00091,2025-02-20
O000691,C00703,2025-01-31
O000692,C00043,2025-06-24
O000693,C00736,2025-01-11
O000694,C00826,2024-12-18
O000695,C00323,2024-09-19
O000696,C00130,2025-06-21
O000697,C00063,2025-05-23
O000698,C00783,2024-09-05
O000699,C00697,2025-01-26
O000700,C00964,2025-02-12
O000701,C00902,2025-02-08
O000702,C00401,2025-07-22
O000703,C00893,2024-10-14
O000704,C00710,2024-12-10
O000705,C00459,2024-10-26
O000706,C00028,2024-11-18
O000707,C00707,2025-07-18
O000708,C00905,2025-07-30
O000709,C00679,2024-09-06
O000710,C00173,2025-04-08
O000711,C00059,2024-11-13
O000712,C00620,2024-10-30
O000713,C00254,2024-12-05
O000714,C00815,2024-10-30
O000715,C00699,2025-02-15
O000716,C00273,2025-08-19
O000717,C00668,2025-03-23
O000718,C00253,2025-05-11
O000719,C00211,2025-02-17
O000720,C00335,2024-08-26
O000721,C00887,2024-09-20
O000722,C00258,2024-11-27
O000723,C00404,2024-11-17
O000724,C00936,2025-06-23
O000725,C00222,2025-06-24
O000726,C00038,2025-06-28
O000727,C00700,2025-04-10
O000728,C00634,2025-03-12
O000729,C00713,2025-04-14
O000730,C00282,2025-01-16
O000731,C00036,2025-04-22
O000732,C00901,2025-06-06
O000733,C00523,2025-05-26
O000734,C00829,2025-04-02
O000735,C00570,2024-09-11
O000736,C00706,2025-05-12
O000737,C00890,2025-01-01
O000738,C00103,2025-05-19
O000739,C00225,2025-03-05
O000740,C00070,2025-07-08
O000741,C00040,2024-12-22
O000742,C00573,2025-07-26
O000743,C00121,2025-06-25
O000744,C00399,2024-12-19
O000745,C00027,2025-02-13
O000746,C00017,2025-03-02
O000747,C00806,2025-05-28
O000748,C00532,2025-04-29
O000749,C00134,2025-06-27
O000750,C00347,2025-01-03
O000751,C00293,2025-02-21
O000752,C00616,2025-01-25
O000753,C00381,2025-07-18
O000754,C00659,2024-12-10
O000755,C00007,2025-03-23
O000756,C00546,2024-10-03
O000757,C00674,2025-06-27
O000758,C00925,2025-01-08
O000759,C00123,2024-12-23
O000760,C00322,2025-03-21
O000761,C00260,2025-02-19
O000762,C00210,2025-06-26
O000763,C00317,2025-03-02
O000764,C00636,2025-02-25
O000765,C00163,2024-09-28
O000766,C00961,2024-08-29
O000767,C00628,2025-01-13
O000768,C00806,2025-08-20
O000769,C00249,2025-07-21
O000770,C00438,2025-04-07
O000771,C00092,2025-04-08
O000772,C00542,2025-01-10
O000773,C00912,2024-10-24
O000774,C00461,2024-08-24
O000775,C00637,2024-12-22
O000776,C00091,2024-12-14
O000777,C00825,2024-10-29
O000778,C00133,2024-11-23
O000779,C00207,2024-08-30
O000780,C00833,2025-03-30
O000781,C00842,2025-07-25
O000782,C00302,2025-04-30
O000783,C00744,2025-01-31
O000784,C00583,2025-01-21
O000785,C00220,2024-12-11
O000786,C00958,2024-10-11
O000787,C00511,2025-03-27
O000788,C00990,2025-03-15
O000789,C00723,2024-08-23
O000790,C00121,2025-01-19
O000791,C00015,2024-11-30
O000792,C00667,2024-10-22
O000793,C00164,2025-05-04
O000794,C00918,2025-02-28
O000795,C00119,2025-04-09
O000796,C00525,2025-05-08
O000797,C00128,2025-08-14
O000798,C00840,2025-06-10
O000799,C00321,2025-04-04
O000800,C00741,2025-07-07
O000801,C00645,2025-02-11
O000802,C00140,2025-08-15
O000803,C00024,2025-05-25
O000804,C00811,2025-04-15
O000805,C00798,2025-07-16
O000806,C00328,2025-02-25
O000807,C00233,2025-05-11
O000808,C00515,2024-12-02
O000809,C00340,2025-08-07
O000810,C00134,2025-04-05
O000811,C00479,2025-06-02
O000812,C00046,2025-02-05
O000813,C00715,2025-07-03
O000814,C00333,2024-09-17
O000815,C00592,2024-10-01
O000816,C00092,2025-02-22
O000817,C00183,2025-05-15
O000818,C00228,2025-06-12
O000819,C00891,2025-01-28
O000820,C00466,2025-04-15
O000821,C00876,2025-03-10
O000822,C00454,2025-08-06
O000823,C00567,2025-04-16
O000824,C00922,2025-01-20
O000825,C00454,2025-08-09
O000826,C00470,2024-09-29
O000827,C00690,2025-08-15
O000828,C00153,2024-10-16
O000829,C00181,2024-12-04
O000830,C00626,2025-06-16
O000831,C00957,2025-05-15
O000832,C00101,2025-08-10
O000833,C00590,2025-05-21
O000834,C00372,2025-04-10
O000835,C00285,2024-12-25
O000836,C00644,2024-08-22
O000837,C00291,2024-10-05
O000838,C00643,2024-12-07
O000839,C00171,2024-09-04
O000840,C00124,2025-02-22
O000841,C00915,2025-05-31
O000842,C00145,2025-08-07
O000843,C00627,2025-02-15
O000844,C00640,2025-07-06
O000845,C00837,2025-08-15
O000846,C00653,2025-06-30
O000847,C00078,2025-02-06
O000848,C00853,2024-12-17
O000849,C00180,2025-08-12
O000850,C00032,2024-11-17
O000851,C00813,2025-01-18
O000852,C00554,2024-09-17
O000853,C00491,2025-06-06
O000854,C00668,2025-04-15
O000855,C00169,2024-09-20
O000856,C00371,2024-11-10
O000857,C00447,2025-03-11
O000858,C00680,2025-03-06
O000859,C00167,2025-06-09
O000860,C00607,2024-11-26
O000861,C00978,2025-07-24
O000862,C00091,2025-01-30
O000863,C00445,2025-06-17
O000864,C00308,2024-11-16
O000865,C00491,2024-09-03
O000866,C00973,2024-09-10
O000867,C00587,2025-01-04
O000868,C00019,2025-08-03
O000869,C00594,2024-09-07
O000870,C00202,2025-01-02
O000871,C00767,2024-09-29
O000872,C00896,2025-07-27
O000873,C00080,2025-04-24
O000874,C00032,2025-05-26
O000875,C00025,2025-05-08
O000876,C00543,2025-04-17
O000877,C00518,2025-05-30
O000878,C00452,2024-08-23
O000879,C00144,2025-07-02
O000880,C00510,2025-05-18
O000881,C00243,2025-05-17
O000882,C00919,2025-01-11
O000883,C00302,2025-06-09
O000884,C00128,2025-01-07
O000885,C00779,2024-09-07
O000886,C00426,2025-07-18
O000887,C00581,2024-11-14
O000888,C00301,2024-09-27
O000889,C00630,2025-04-04
O000890,C00482,2024-11-14
O000891,C00759,2025-06-30
O000892,C00061,2025-01-29
O000893,C00065,2024-08-22
O000894,C00447,2025-08-03
O000895,C00218,2025-02-24
O000896,C00868,2024-11-24
O000897,C00772,2025-04-25
O000898,C00400,2025-03-02
O000899,C00839,2024-08-31
O000900,C00860,2025-05-25
O000901,C00828,2025-01-14
O000902,C00171,2025-05-03
O000903,C00857,2025-07-13
O000904,C00797,2025-03-31
O000905,C00429,2025-04-23
O000906,C00362,2024-11-21
O000907,C00903,2024-11-15
O000908,C00737,2025-01-19
O000909,C00138,2025-06-28
O000910,C00303,2025-02-28
O000911,C00705,2024-12-26
O000912,C00242,2025-06-01
O000913,C00286,2025-06-28
O000914,C00421,2025-07-16
O000915,C00400,2024-12-08
O000916,C00525,2025-05-07
O000917,C00765,2025-03-24
O000918,C00685,2025-01-31
O000919,C00291,2025-01-12
O000920,C00303,2024-10-01
O000921,C00313,2024-11-29
O000922,C00842,2025-03-09
O000923,C00486,2025-07-10
O000924,C00701,2025-07-03
O000925,C00078,2024-10-28
O000926,C00522,2025-04-25
O000927,C00886,2024-09-20
O000928,C00642,2025-04-24
O000929,C00984,2024-12-23
O000930,C00102,2025-02-01
O000931,C00112,2025-05-09
O000932,C00985,2025-01-23
O000933,C00123,2025-06-11
O000934,C00740,2025-03-03
O000935,C00447,2025-08-20
O000936,C00543,2025-04-10
O000937,C00214,2024-12-07
O000938,C00101,2025-05-30
O000939,C00954,2025-01-16
O000940,C00659,2025-03-03
O000941,C00252,2024-10-09
O000942,C00304,2024-10-03
O000943,C00140,2025-03-18
O000944,C00270,2024-10-28
O000945,C00485,2025-08-20
O000946,C00591,2025-06-29
O000947,C00331,2025-05-03
O000948,C00267,2025-05-16
O000949,C00608,2025-03-26
O000950,C00359,2024-09-12
O000951,C00418,2025-01-11
O000952,C00336,2025-02-17
O000953,C00624,2025-07-21
O000954,C00823,2024-11-09
O000955,C00490,2025-02-18
O000956,C00954,2024-12-24
O000957,C00481,2024-10-09
O000958,C00710,2024-09-27
O000959,C00793,2025-01-01
O000960,C00523,2024-09-20
O000961,C00715,2024-09-14
O000962,C00322,2024-12-27
O000963,C00382,2024-11-02
O000964,C00419,2025-03-11
O000965,C00432,2024-08-27
O000966,C00942,2024-12-09
O000967,C00127,2025-02-02
O000968,C00075,2025-08-07
O000969,C00372,2025-04-09
O000970,C00802,2025-07-08
O000971,C00305,2024-12-24
O000972,C00366,2025-02-01
O000973,C00928,2025-01-21
O000974,C00854,2025-07-10
O000975,C00373,2025-08-06
O000976,C00351,2025-08-07
O000977,C00158,2025-05-22
O000978,C00914,2025-02-20
O000979,C00763,2025-03-06
O000980,C00964,2025-08-13
O000981,C00798,2024-12-02
O000982,C00878,2024-12-25
O000983,C00216,2025-07-14
O000984,C00443,2025-01-09
O000985,C00318,2024-11-14
O000986,C00728,2025-03-13
O000987,C00858,2024-12-17
O000988,C00680,2025-07-12
O000989,C00309,2025-07-18
O000990,C00298,2024-12-10
O000991,C00625,2025-03-02
O000992,C00857,2025-08-15
O000993,C00638,2025-05-18
O000994,C00916,2024-11-07
O000995,C00735,2025-03-24
O000996,C00602,2025-04-04
O000997,C00350,2025-04-16
O000998,C00274,2024-08-30
O000999,C00212,2024-12-08
O001000,C00454,2025-06-28
O001001,C00909,2024-11-17
O001002,C00203,2024-12-08
O001003,C00978,2024-12-16
O001004,C00116,2024-10-24
O001005,C00501,2024-10-16
O001006,C00793,2024-12-25
O001007,C00211,2025-07-06
O001008,C00647,2024-08-21
O001009,C00471,2024-12-02
O001010,C00454,2024-09-12
O001011,C00881,2025-03-13
O001012,C00433,2024-11-20
O001013,C00169,2025-06-06
O001014,C00472,2025-03-22
O001015,C00067,2025-06-03
O001016,C00304,2025-04-09
O001017,C00082,2025-01-28
O001018,C00874,2025-07-01
O001019,C00602,2025-02-10
O001020,C00640,2025-08-02
O001021,C00693,2025-08-19
O001022,C00036,2025-03-23
O001023,C00600,2025-04-24
O001024,C00098,2024-11-22
O001025,C00575,2025-06-14
O001026,C00559,2025-04-23
O001027,C00488,2025-07-16
O001028,C00674,2024-11-26
O001029,C00084,2025-06-04
O001030,C00420,2025-02-08
O001031,C00058,2024-10-27
O001032,C00904,2024-10-22
O001033,C00266,2025-03-14
O001034,C00144,2024-12-15
O001035,C00413,2024-09-27
O001036,C00526,2025-01-23
O001037,C00121,2025-04-16
O001038,C00273,2024-12-15
O001039,C00300,2025-08-04
O001040,C00875,2025-06-01
O001041,C00887,2025-02-24
O001042,C00437,2025-07-28
O001043,C00153,2025-01-26
O001044,C00338,2024-10-10
O001045,C00185,2024-09-03
O001046,C00908,2025-07-29
O001047,C00001,2025-08-06
O001048,C00730,2025-05-17
O001049,C00048,2024-09-27
O001050,C00600,2024-12-06
O001051,C00240,2024-09-04
O001052,C00729,2024-09-08
O001053,C00008,2024-11-18
O001054,C00487,2025-03-17
O001055,C00831,2024-09-13
O001056,C00625,2025-08-15
O001057,C00766,2025-02-03
O001058,C00335,2024-11-25
O001059,C00421,2025-02-25
O001060,C00250,2025-06-05
O001061,C00570,2024-12-13
O001062,C00447,2024-09-07
O001063,C00978,2024-09-08
O001064,C00606,2025-06-27
O001065,C00612,2024-09-30
O001066,C00341,2025-04-09
O001067,C00765,2025-01-08
O001068,C00048,2025-05-31
O001069,C00961,2024-09-12
O001070,C00264,2025-07-14
O001071,C00130,2025-05-02
O001072,C00764,2025-01-31
O001073,C00049,2024-11-04
O001074,C00706,2025-08-12
O001075,C00959,2024-12-09
O001076,C00497,2025-02-16
O001077,C00918,2025-01-11
O001078,C00374,2024-11-13
O001079,C00691,2025-01-20
O001080,C00183,2024-10-15
O001081,C00703,2024-08-21
O001082,C00092,2024-12-04
O001083,C00675,2024-09-30
O001084,C00015,2025-01-19
O001085,C00990,2025-07-01
O001086,C00036,2024-10-19
O001087,C00895,2024-08-21
O001088,C00257,2024-09-30
O001089,C00081,2025-02-22
O001090,C00118,2024-11-29
O001091,C00137,2025-02-15
O001092,C00515,2024-08-31
O001093,C00856,2024-12-20
O001094,C00237,2025-01-17
O001095,C00404,2025-01-25
O001096,C00659,2025-03-10
O001097,C00412,2025-06-01
O001098,C00762,2025-02-07
O001099,C00012,2025-06-24
O001100,C00869,2025-03-02
O001101,C00984,2024-11-24
O001102,C00659,2024-11-12
O001103,C00778,2024-12-16
O001104,C00729,2025-03-27
O001105,C00076,2024-11-17
O001106,C00106,2025-07-20
O001107,C00712,2025-02-12
O001108,C00132,2025-07-02
O001109,C00908,2025-04-27
O001110,C00688,2024-12-20
O001111,C00811,2024-11-12
O001112,C00906,2025-05-19
O001113,C00324,2024-12-19
O001114,C00863,2024-11-19
O001115,C00390,2025-07-26
O001116,C00595,2025-02-13
O001117,C00810,2024-09-07
O001118,C00461,2025-02-17
O001119,C00251,2025-02-05
O001120,C00277,2025-07-02
O001121,C00249,2025-05-07
O001122,C00230,2024-10-29
O001123,C00071,2024-10-14
O001124,C00798,2025-03-29
O001125,C00745,2024-09-07
O001126,C00075,2024-12-15
O001127,C00216,2024-10-10
O001128,C00818,2024-08-28
O001129,C00229,2025-07-22
O001130,C00306,2024-09-22
O001131,C00920,2024-08-24
O001132,C00157,2025-07-27
O001133,C00092,2024-10-28
O001134,C00658,2025-06-15
O001135,C00412,2024-09-01
O001136,C00959,2024-10-16
O001137,C00757,2024-09-30
O001138,C00722,2025-05-05
O001139,C00356,2025-04-04
O001140,C00198,2025-02-10
O001141,C00016,2024-11-17
O001142,C00837,2024-09-22
O001143,C00853,2025-03-16
O001144,C00608,2024-11-13
O001145,C00829,2025-03-24
O001146,C00072,2025-04-28
O001147,C00288,2025-06-27
O001148,C00551,2025-02-17
O001149,C00600,2024-08-22
O001150,C00851,2024-12-01
O001151,C00777,2025-06-28
O001152,C00905,2025-03-03
O001153,C00706,2025-04-03
O001154,C00958,2025-02-04
O001155,C00464,2024-10-19
O001156,C00562,2025-07-14
O001157,C00541,2025-05-30
O001158,C00388,2025-08-19
O001159,C00943,2025-06-29
O001160,C00556,2024-12-05
O001161,C00081,2024-11-21
O001162,C00085,2024-11-19
O001163,C00643,2025-07-22
O001164,C00194,2025-03-12
O001165,C00873,2025-02-02
O001166,C00454,2025-08-09
O001167,C00516,2025-03-29
O001168,C00237,2025-07-18
O001169,C00880,2025-08-15
O001170,C00575,2024-09-18
O001171,C00633,2024-12-30
O001172,C00263,2025-05-15
O001173,C00223,2025-06-13
O001174,C00274,2024-10-14
O001175,C00835,2024-12-15
O001176,C00230,2025-03-09
O001177,C00623,2025-06-08
O001178,C00586,2024-10-01
O001179,C00506,2025-03-28
O001180,C00354,2024-12-07
O001181,C00971,2024-11-07
O001182,C00414,2025-02-25
O001183,C00956,2025-01-19
O001184,C00255,2025-04-10
O001185,C00804,2024-12-14
O001186,C00467,2025-06-17
O001187,C00697,2024-09-18
O001188,C00185,2025-07-01
O001189,C00890,2024-08-31
O001190,C00991,2025-05-16
O001191,C00335,2024-12-25
O001192,C00655,2025-01-07
O001193,C00235,2024-08-27
O001194,C00148,2025-05-04
O001195,C00486,2024-10-20
O001196,C00637,2025-04-18
O001197,C00416,2025-05-12
O001198,C00070,2025-06-25
O001199,C00992,2025-05-06
O001200,C00395,2024-12-09
O001201,C00904,2025-05-17
O001202,C00313,2025-06-18
O001203,C00139,2024-12-14
O001204,C00996,2024-10-05
O001205,C00314,2025-07-11
O001206,C00862,2024-10-13
O001207,C00463,2025-03-25
O001208,C00908,2024-11-15
O001209,C00639,2024-10-05
O001210,C00225,2025-05-31
O001211,C00034,2024-10-12
O001212,C00369,2025-04-22
O001213,C00090,2025-04-30
O001214,C00405,2024-09-11
O001215,C00874,2024-10-23
O001216,C00058,2025-06-06
O001217,C00594,2025-02-22
O001218,C00509,2024-10-04
O001219,C00229,2025-08-17
O001220,C00578,2024-11-25
O001221,C00857,2024-08-22
O001222,C00430,2025-07-24
O001223,C00126,2024-08-27
O001224,C00555,2025-03-10
O001225,C00362,2025-08-18
O001226,C00149,2025-03-19
O001227,C00324,2025-03-22
O001228,C00475,2025-01-09
O001229,C00397,2024-10-06
O001230,C00411,2025-03-18
O001231,C00016,2025-07-14
O001232,C00577,2024-09-23
O001233,C00368,2025-07-08
O001234,C00962,2025-01-19
O001235,C00524,2025-03-04
O001236,C00407,2024-10-20
O001237,C00816,2025-04-04
O001238,C00620,2024-10-26
O001239,C00993,2024-11-28
O001240,C00119,2025-05-11
O001241,C00059,2024-09-08
O001242,C00515,2025-01-31
O001243,C00916,2025-03-26
O001244,C00981,2024-10-08
O001245,C00046,2024-12-06
O001246,C00149,2024-12-24
O001247,C00502,2025-04-20
O001248,C00503,2025-08-12
O001249,C00839,2025-06-22
O001250,C00792,2024-10-29
O001251,C00849,2024-08-27
O001252,C00838,2024-09-08
O001253,C00456,2025-03-26
O001254,C00302,2024-10-17
O001255,C00707,2024-11-13
O001256,C00078,2025-06-26
O001257,C00386,2025-07-05
O001258,C00995,2025-06-23
O001259,C00950,2024-11-21
O001260,C00224,2025-04-04
O001261,C00420,2025-03-31
O001262,C00001,2024-10-27
O001263,C00998,2025-03-11
O001264,C00789,2025-02-28
O001265,C00675,2025-01-12
O001266,C00837,2025-05-22
O001267,C00894,2025-04-25
O001268,C00115,2025-03-03
O001269,C00714,2025-05-12
O001270,C00967,2025-05-26
O001271,C00067,2025-03-15
O001272,C00856,2024-11-26
O001273,C00980,2025-05-24
O001274,C00479,2025-05-09
O001275,C00721,2025-08-14
O001276,C00358,2024-10-14
O001277,C00849,2025-01-21
O001278,C00509,2025-07-24
O001279,C00937,2025-02-24
O001280,C00954,2025-07-31
O001281,C00909,2024-08-25
O001282,C00114,2024-09-02
O001283,C00179,2025-06-07
O001284,C00146,2024-12-29
O001285,C00461,2025-02-26
O001286,C00562,2025-01-24
O001287,C00487,2025-01-16
O001288,C00203,2025-07-29
O001289,C00485,2024-09-24
O001290,C00068,2025-05-29
O001291,C00282,2025-07-11
O001292,C00189,2025-04-17
O001293,C00821,2025-01-12
O001294,C00659,2024-10-18
O001295,C00617,2025-04-27
O001296,C00418,2025-02-08
O001297,C00152,2024-10-14
O001298,C00855,2024-12-30
O001299,C00138,2025-08-06
O001300,C00143,2024-11-25
O001301,C00985,2024-10-25
O001302,C00921,2025-04-26
O001303,C00292,2024-11-01
O001304,C00964,2025-07-22
O001305,C00708,2025-06-30
O001306,C00514,2025-08-14
O001307,C00691,2025-07-20
O001308,C00149,2024-11-17
O001309,C00119,2024-11-06
O001310,C00932,2024-12-24
O001311,C00401,2025-02-08
O001312,C00058,2025-07-08
O001313,C00195,2025-05-15
O001314,C00822,2025-04-13
O001315,C00481,2025-07-07
O001316,C00605,2025-04-13
O001317,C00868,2025-01-06
O001318,C00788,2025-01-18
O001319,C00377,2025-02-25
O001320,C00529,2024-09-22
O001321,C00704,2025-05-18
O001322,C00538,2025-04-16
O001323,C00714,2025-05-14
O001324,C00640,2025-03-03
O001325,C00882,2025-06-02
O001326,C00795,2025-08-02
O001327,C00198,2025-03-17
O001328,C00190,2025-01-30
O001329,C00698,2024-09-28
O001330,C00556,2025-06-01
O001331,C00088,2025-07-16
O001332,C00346,2025-05-03
O001333,C00466,2025-07-02
O001334,C00382,2025-07-01
O001335,C00370,2025-06-08
O001336,C00770,2025-02-20
O001337,C00769,2024-09-26
O001338,C00870,2024-08-22
O001339,C00045,2024-11-03
O001340,C00716,2025-01-25
O001341,C00945,2025-05-19
O001342,C00737,2025-02-03
O001343,C00132,2024-08-29
O001344,C00963,2024-11-05
O001345,C00434,2025-08-13
O001346,C00166,2025-08-16
O001347,C00494,2025-01-05
O001348,C00578,2025-06-10
O001349,C00120,2025-05-10
O001350,C00075,2025-07-26
O001351,C00347,2025-07-10
O001352,C00705,2025-04-07
O001353,C00858,2025-01-12
O001354,C00947,2025-04-06
O001355,C00472,2024-12-15
O001356,C00533,2024-12-26
O001357,C00642,2025-03-31
O001358,C00043,2025-03-17
O001359,C00466,2025-03-21
O001360,C00814,2025-01-08
O001361,C00725,2025-01-17
O001362,C00433,2024-08-24
O001363,C00335,2025-03-28
O001364,C00548,2025-03-19
O001365,C00899,2025-07-28
O001366,C00172,2025-02-21
O001367,C00733,2025-02-07
O001368,C00340,2024-09-14
O001369,C00140,2024-10-31
O001370,C00176,2024-12-22
O001371,C00083,2025-01-05
O001372,C00819,2024-12-31
O001373,C00358,2025-01-11
O001374,C00600,2025-05-28
O001375,C00706,2024-10-07
O001376,C00082,2024-12-20
O001377,C00232,2024-10-19
O001378,C00679,2024-12-11
O001379,C00177,2025-04-27
O001380,C00412,2024-09-07
O001381,C00756,2024-12-22
O001382,C00097,2024-08-29
O001383,C00198,2025-08-04
O001384,C00989,2025-05-13
O001385,C00230,2024-11-17
O001386,C00524,2024-11-01
O001387,C00928,2024-09-26
O001388,C00843,2025-02-09
O001389,C00484,2025-05-23
O001390,C00131,2025-03-22
O001391,C00802,2025-07-08
O001392,C00761,2024-12-24
O001393,C00869,2024-11-30
O001394,C00937,2025-02-11
O001395,C00883,2024-11-02
O001396,C00580,2025-08-12
O001397,C00638,2024-10-27
O001398,C00264,2025-02-11
O001399,C00952,2025-02-27
O001400,C00535,2024-09-10
O001401,C00449,2025-02-07
O001402,C00033,2025-02-02
O001403,C00096,2024-11-23
O001404,C00064,2024-10-06
O001405,C00618,2024-09-06
O001406,C00151,2024-08-24
O001407,C00787,2025-02-12
O001408,C00097,2024-09-22
O001409,C00094,2025-08-06
O001410,C00638,2024-11-18
O001411,C00974,2025-04-16
O001412,C00561,2025-04-23
O001413,C00437,2025-02-17
O001414,C00179,2025-07-09
O001415,C00695,2024-09-30
O001416,C00300,2024-11-14
O001417,C00522,2024-11-21
O001418,C00866,2024-10-09
O001419,C00903,2024-12-06
O001420,C00727,2024-12-13
O001421,C00847,2025-05-27
O001422,C00387,2024-12-09
O001423,C00206,2025-07-06
O001424,C00755,2025-05-30
O001425,C00512,2025-07-16
O001426,C00888,2024-09-28
O001427,C00329,2025-08-15
O001428,C00223,2025-04-02
O001429,C00356,2025-08-14
O001430,C00553,2024-12-28
O001431,C00583,2025-08-03
O001432,C00143,2025-03-23
O001433,C00513,2024-09-16
O001434,C00598,2025-01-17
O001435,C00011,2024-10-10
O001436,C00229,2025-07-30
O001437,C00955,2024-12-10
O001438,C00766,2024-11-10
O001439,C00159,2025-03-10
O001440,C00683,2025-01-23
O001441,C00932,2024-09-25
O001442,C00136,2025-06-15
O001443,C00966,2025-06-25
O001444,C00732,2025-05-19
O001445,C00279,2025-04-03
O001446,C00229,2025-01-14
O001447,C00937,2025-03-06
O001448,C00780,2025-02-27
O001449,C00202,2024-10-20
O001450,C00413,2024-09-19
O001451,C00561,2024-11-21
O001452,C00560,2025-02-02
O001453,C00390,2024-10-18
O001454,C00685,2024-09-28
O001455,C00321,2025-06-27
O001456,C00998,2025-01-04
O001457,C00559,2025-03-22
O001458,C00893,2025-02-28
O001459,C00974,2025-05-16
O001460,C00067,2025-05-18
O001461,C00440,2024-12-07
O001462,C00254,2025-06-26
O001463,C00423,2025-01-03
O001464,C00789,2025-06-21
O001465,C00707,2025-01-15
O001466,C00477,2024-09-30
O001467,C00786,2025-05-25
O001468,C00119,2024-09-01
O001469,C00824,2025-05-29
O001470,C00661,2024-09-05
O001471,C00039,2024-11-04
O001472,C00870,2025-03-29
O001473,C00200,2025-07-30
O001474,C00614,2025-01-17
O001475,C00974,2024-10-04
O001476,C00498,2024-11-14
O001477,C00804,2025-07-14
O001478,C00100,2025-05-13
O001479,C00400,2024-09-26
O001480,C00967,2025-01-08
O001481,C00466,2024-11-25
O001482,C00909,2024-10-24
O001483,C00588,2025-06-25
O001484,C00710,2025-04-03
O001485,C00310,2024-10-25
O001486,C00953,2025-04-15
O001487,C00190,2025-01-18
O001488,C00900,2024-09-12
O001489,C00097,2025-02-01
O001490,C00357,2024-10-27
O001491,C00932,2024-11-18
O001492,C00459,2025-07-07
O001493,C00173,2025-05-07
O001494,C00994,2024-10-08
O001495,C00063,2025-06-27
O001496,C00164,2025-03-18
O001497,C00574,2025-07-06
O001498,C00074,2025-05-20
O001499,C00538,2024-12-22
O001500,C00376,2025-03-04
O001501,C00561,2025-03-02
O001502,C00547,2025-05-10
O001503,C00627,2024-11-19
O001504,C00330,2024-12-20
O001505,C00934,2024-11-18
O001506,C00763,2024-12-07
O001507,C00619,2024-10-18
O001508,C00301,2024-09-03
O001509,C00145,2025-07-30
O001510,C00958,2024-09-17
O001511,C00481,2025-07-11
O001512,C00444,2024-08-22
O001513,C00319,2025-05-31
O001514,C00231,2024-12-18
O001515,C00375,2025-02-25
O001516,C00545,2024-12-02
O001517,C00447,2025-02-16
O001518,C00257,2025-02-01
O001519,C00741,2025-03-02
O001520,C00956,2025-01-11
O001521,C00724,2025-03-04
O001522,C00884,2025-06-18
O001523,C00501,2025-01-26
O001524,C00233,2024-12-30
O001525,C00309,2024-10-08
O001526,C00330,2024-12-30
O001527,C00408,2024-10-05
O001528,C00545,2024-10-26
O001529,C00593,2025-08-03
O001530,C00258,2024-09-22
O001531,C00317,2025-02-12
O001532,C00649,2025-06-21
O001533,C00243,2025-08-03
O001534,C00116,2024-10-13
O001535,C00349,2024-10-19
O001536,C00359,2025-01-03
O001537,C00940,2025-03-11
O001538,C00666,2025-08-06
O001539,C00260,2024-11-04
O001540,C00083,2024-10-20
O001541,C00906,2024-11-21
O001542,C00563,2025-07-06
O001543,C00911,2024-08-31
O001544,C00354,2025-01-06
O001545,C00667,2024-10-03
O001546,C00677,2024-10-17
O001547,C00526,2025-07-21
O001548,C00905,2024-08-21
O001549,C00553,2024-12-16
O001550,C00171,2025-07-21
O001551,C00970,2025-03-30
O001552,C00718,2024-09-16
O001553,C00418,2025-02-06
O001554,C00988,2025-08-10
O001555,C00263,2025-01-14
O001556,C00558,2025-03-01
O001557,C00042,2025-03-03
O001558,C00715,2025-04-19
O001559,C00036,2024-10-28
O001560,C00996,2025-06-23
O001561,C00627,2025-08-16
O001562,C00441,2024-10-12
O001563,C00052,2025-06-15
O001564,C00444,2025-06-15
O001565,C00538,2025-05-18
O001566,C00055,2025-01-03
O001567,C00879,2025-02-08
O001568,C00520,2025-06-23
O001569,C00920,2024-10-15
O001570,C00115,2025-06-19
O001571,C00801,2025-07-23
O001572,C00079,2025-04-26
O001573,C00196,2024-12-23
O001574,C00760,2025-03-13
O001575,C00092,2024-09-08
O001576,C00526,2025-07-27
O001577,C00384,2024-12-23
O001578,C00639,2024-09-10
O001579,C00023,2025-06-06
O001580,C00325,2025-04-18
O001581,C00270,2025-04-05
O001582,C00259,2024-09-09
O001583,C00967,2025-05-22
O001584,C00479,2025-04-10
O001585,C00613,2025-06-06
O001586,C00550,2025-06-18
O001587,C00240,2024-11-06
O001588,C00532,2024-11-05
O001589,C00889,2025-07-24
O001590,C00450,2025-03-02
O001591,C00952,2025-01-27
O001592,C00899,2024-12-03
O001593,C00600,2025-04-11
O001594,C00605,2025-05-23
O001595,C00853,2024-08-21
O001596,C00465,2025-03-10
O001597,C00650,2025-08-18
O001598,C00503,2024-12-01
O001599,C00539,2024-12-01
O001600,C00575,2025-07-07
O001601,C00789,2024-09-12
O001602,C00028,2025-01-13
O001603,C00688,2025-02-04
O001604,C00854,2025-06-08
O001605,C00917,2024-10-07
O001606,C00252,2025-01-26
O001607,C00236,2024-10-15
O001608,C00195,2025-06-04
O001609,C00105,2025-04-08
O001610,C00623,2025-02-18
O001611,C00212,2025-01-11
O001612,C00557,2024-10-15
O001613,C00467,2025-07-23
O001614,C00803,2025-04-14
O001615,C00457,2024-12-15
O001616,C00999,2025-01-19
O001617,C00217,2025-05-13
O001618,C00173,2025-05-10
O001619,C00677,2025-02-05
O001620,C00669,2024-12-09
O001621,C00589,2025-04-18
O001622,C00359,2025-04-18
O001623,C00671,2025-03-27
O001624,C00334,2024-09-16
O001625,C00690,2025-02-09
O001626,C00039,2025-04-02
O001627,C00219,2025-08-02
O001628,C00786,2025-02-28
O001629,C00742,2024-12-24
O001630,C00674,2025-03-11
O001631,C00136,2024-10-24
O001632,C00894,2024-09-23
O001633,C00509,2025-04-25
O001634,C00340,2025-08-15
O001635,C00849,2025-06-25
O001636,C00945,2025-03-22
O001637,C00656,2024-09-04
O001638,C00570,2025-08-16
O001639,C00935,2025-02-01
O001640,C00495,2024-12-04
O001641,C00186,2025-07-12
O001642,C00107,2025-05-20
O001643,C00459,2025-05-21
O001644,C00295,2024-11-30
O001645,C00526,2025-08-18
O001646,C00050,2025-02-02
O001647,C00627,2025-03-02
O001648,C00175,2025-05-22
O001649,C00827,2025-04-18
O001650,C00552,2024-10-22
O001651,C00709,2024-12-09
O001652,C00271,2024-12-30
O001653,C00266,2025-08-01
O001654,C00478,2025-05-08
O001655,C00901,2025-01-01
O001656,C00632,2025-05-16
O001657,C00000,2025-05-17
O001658,C00018,2025-01-11
O001659,C00269,2025-01-15
O001660,C00077,2025-07-13
O001661,C00288,2025-03-14
O001662,C00172,2024-10-14
O001663,C00689,2025-05-10
O001664,C00033,2025-03-24
O001665,C00923,2025-02-22
O001666,C00388,2025-05-12
O001667,C00703,2025-07-18
O001668,C00848,2024-12-19
O001669,C00181,2025-01-21
O001670,C00564,2024-10-29
O001671,C00902,2025-04-14
O001672,C00258,2025-01-14
O001673,C00218,2024-12-23
O001674,C00382,2025-05-02
O001675,C00057,2025-01-16
O001676,C00400,2025-02-06
O001677,C00295,2025-01-28
O001678,C00465,2024-11-23
O001679,C00436,2024-10-05
O001680,C00354,2025-06-18
O001681,C00301,2024-09-23
O001682,C00375,2024-12-17
O001683,C00907,2025-04-21
O001684,C00638,2024-10-07
O001685,C00567,2025-04-17
O001686,C00870,2025-05-15
O001687,C00897,2025-04-19
O001688,C00366,2024-12-10
O001689,C00147,2024-08-28
O001690,C00266,2025-07-10
O001691,C00461,2024-12-18
O001692,C00442,2025-06-10
O001693,C00319,2024-11-01
O001694,C00690,2024-10-19
O001695,C00234,2025-06-01
O001696,C00946,2025-07-30
O001697,C00618,2025-07-01
O001698,C00535,2025-05-22
O001699,C00582,2024-11-19
O001700,C00578,2025-07-20
O001701,C00777,2025-04-21
O001702,C00694,2024-10-22
O001703,C00690,2024-10-07
O001704,C00372,2025-07-04
O001705,C00826,2024-11-29
O001706,C00452,2025-05-27
O001707,C00520,2024-10-10
O001708,C00288,2024-12-01
O001709,C00389,2024-12-02
O001710,C00076,2024-12-01
O001711,C00111,2025-04-24
O001712,C00222,2025-07-20
O001713,C00893,2025-07-19
O001714,C00588,2025-05-18
O001715,C00858,2024-11-02
O001716,C00574,2025-08-06
O001717,C00966,2025-03-06
O001718,C00819,2025-03-08
O001719,C00666,2025-05-04
O001720,C00592,2025-05-28
O001721,C00529,2025-08-03
O001722,C00911,2025-03-21
O001723,C00959,2025-03-31
O001724,C00095,2025-05-20
O001725,C00848,2024-11-22
O001726,C00309,2024-12-11
O001727,C00044,2025-04-06
O001728,C00474,2024-09-13
O001729,C00675,2024-12-15
O001730,C00780,2025-05-10
O001731,C00939,2025-08-12
O001732,C00878,2025-02-26
O001733,C00615,2025-01-13
O001734,C00566,2025-01-28
O001735,C00499,2025-04-28
O001736,C00404,2025-03-07
O001737,C00687,2024-08-29
O001738,C00512,2025-03-05
O001739,C00073,2025-01-14
O001740,C00310,2025-05-03
O001741,C00790,2025-07-06
O001742,C00248,2025-08-07
O001743,C00382,2025-03-31
O001744,C00103,2024-12-31
O001745,C00669,2025-01-30
O001746,C00240,2024-10-24
O001747,C00325,2025-07-28
O001748,C00507,2025-06-26
O001749,C00589,2025-06-28
O001750,C00325,2024-12-18
O001751,C00959,2024-12-16
O001752,C00618,2025-06-29
O001753,C00747,2025-03-07
O001754,C00065,2025-05-05
O001755,C00662,2025-02-15
O001756,C00015,2025-01-29
O001757,C00374,2025-04-08
O001758,C00026,2025-06-13
O001759,C00740,2024-12-20
O001760,C00170,2025-06-12
O001761,C00854,2024-11-18
O001762,C00845,2025-01-15
O001763,C00820,2025-07-20
O001764,C00509,2025-08-04
O001765,C00220,2025-07-24
O001766,C00421,2024-12-14
O001767,C00098,2025-06-24
O001768,C00816,2025-07-28
O001769,C00771,2025-08-13
O001770,C00586,2024-08-28
O001771,C00095,2025-05-19
O001772,C00216,2025-08-19
O001773,C00803,2025-05-27
O001774,C00179,2024-11-14
O001775,C00813,2025-05-26
O001776,C00232,2024-09-28
O001777,C00679,2025-02-12
O001778,C00689,2025-04-06
O001779,C00795,2025-02-03
O001780,C00877,2025-05-03
O001781,C00885,2024-11-16
O001782,C00371,2025-03-30
O001783,C00302,2025-04-13
O001784,C00140,2025-04-09
O001785,C00443,2024-12-04
O001786,C00186,2024-12-10
O001787,C00231,2024-11-23
O001788,C00360,2025-02-05
O001789,C00099,2025-03-22
O001790,C00007,2024-12-31
O001791,C00813,2025-01-17
O001792,C00751,2024-12-03
O001793,C00743,2024-11-08
O001794,C00875,2025-04-17
O001795,C00358,2025-06-14
O001796,C00348,2024-12-05
O001797,C00805,2025-07-01
O001798,C00074,2025-03-17
O001799,C00647,2024-10-21
O001800,C00483,2025-01-01
O001801,C00398,2024-08-23
O001802,C00613,2024-09-04
O001803,C00663,2024-12-21
O001804,C00881,2025-02-02
O001805,C00100,2025-06-08
O001806,C00902,2024-10-09
O001807,C00095,2025-06-23
O001808,C00648,2024-11-14
O001809,C00607,2024-10-10
O001810,C00000,2025-05-03
O001811,C00910,2025-05-30
O001812,C00256,2025-03-29
O001813,C00722,2024-10-02
O001814,C00154,2024-10-02
O001815,C00432,2025-01-10
O001816,C00394,2025-02-01
O001817,C00973,2025-08-20
O001818,C00770,2024-12-03
O001819,C00546,2024-10-30
O001820,C00288,2025-08-01
O001821,C00643,2024-10-16
O001822,C00309,2024-08-30
O001823,C00161,2025-01-22
O001824,C00350,2025-01-14
O001825,C00358,2025-04-04
O001826,C00764,2025-07-07
O001827,C00525,2025-07-27
O001828,C00578,2024-12-04
O001829,C00185,2025-08-13
O001830,C00579,2025-04-08
O001831,C00916,2024-09-15
O001832,C00585,2025-07-29
O001833,C00038,2024-10-10
O001834,C00315,2025-03-23
O001835,C00680,2025-06-05
O001836,C00587,2024-11-20
O001837,C00910,2024-11-27
O001838,C00828,2025-02-10
O001839,C00483,2025-07-09
O001840,C00995,2024-11-10
O001841,C00111,2025-04-20
O001842,C00618,2025-02-02
O001843,C00093,2024-09-30
O001844,C00481,2025-05-07
O001845,C00235,2025-06-20
O001846,C00335,2025-03-19
O001847,C00947,2024-10-24
O001848,C00920,2024-10-16
O001849,C00647,2025-01-22
O001850,C00657,2025-02-21
O001851,C00193,2025-03-10
O001852,C00843,2024-11-17
O001853,C00643,2025-02-19
O001854,C00277,2024-12-06
O001855,C00433,2025-04-28
O001856,C00623,2025-06-07
O001857,C00650,2025-04-16
O001858,C00359,2024-08-21
O001859,C00311,2025-08-18
O001860,C00953,2024-08-29
O001861,C00831,2025-08-20
O001862,C00720,2024-09-01
O001863,C00891,2025-02-25
O001864,C00037,2024-09-28
O001865,C00599,2024-09-24
O001866,C00509,2025-04-27
O001867,C00456,2025-05-13
O001868,C00368,2024-10-03
O001869,C00020,2025-08-12
O001870,C00839,2024-12-15
O001871,C00595,2024-12-15
O001872,C00054,2024-12-07
O001873,C00152,2025-02-05
O001874,C00021,2024-10-24
O001875,C00013,2025-01-23
O001876,C00297,2024-11-05
O001877,C00043,2024-09-08
O001878,C00214,2025-01-02
O001879,C00430,2025-04-23
O001880,C00604,2025-05-26
O001881,C00163,2024-12-27
O001882,C00773,2024-12-17
O001883,C00425,2025-06-04
O001884,C00267,2025-04-26
O001885,C00209,2025-06-20
O001886,C00954,2025-07-17
O001887,C00957,2025-06-16
O001888,C00646,2025-07-28
O001889,C00705,2025-01-20
O001890,C00605,2025-01-12
O001891,C00798,2024-12-16
O001892,C00388,2024-11-14
O001893,C00631,2025-05-21
O001894,C00341,2025-05-08
O001895,C00135,2025-06-09
O001896,C00606,2024-10-21
O001897,C00146,2025-02-16
O001898,C00046,2024-11-10
O001899,C00957,2025-07-12
O001900,C00452,2024-11-26
O001901,C00372,2024-10-12
O001902,C00283,2025-03-17
O001903,C00312,2025-07-07
O001904,C00529,2025-07-21
O001905,C00911,2024-09-25
O001906,C00746,2024-12-17
O001907,C00880,2024-10-16
O001908,C00517,2024-12-11
O001909,C00350,2025-03-03
O001910,C00544,2024-12-01
O001911,C00343,2024-09-14
O001912,C00032,2025-02-23
O001913,C00252,2024-09-09
O001914,C00050,2024-11-11
O001915,C00590,2024-08-21
O001916,C00325,2024-09-21
O001917,C00457,2025-01-27
O001918,C00948,2025-06-27
O001919,C00584,2025-05-30
O001920,C00722,2024-09-26
O001921,C00921,2024-09-02
O001922,C00610,2024-12-22
O001923,C00648,2025-04-16
O001924,C00315,2025-05-20
O001925,C00207,2025-06-17
O001926,C00347,2024-12-23
O001927,C00417,2024-10-21
O001928,C00633,2024-08-30
O001929,C00666,2024-10-13
O001930,C00468,2024-09-13
O001931,C00604,2025-07-01
O001932,C00535,2024-11-26
O001933,C00927,2025-06-17
O001934,C00067,2025-03-10
O001935,C00559,2025-03-05
O001936,C00841,2025-02-02
O001937,C00976,2025-06-16
O001938,C00476,2024-09-05
O001939,C00187,2024-09-23
O001940,C00029,2025-01-22
O001941,C00787,2025-01-11
O001942,C00770,2025-03-08
O001943,C00995,2025-05-17
O001944,C00524,2025-03-23
O001945,C00989,2024-11-22
O001946,C00786,2024-12-18
O001947,C00841,2025-05-22
O001948,C00445,2024-11-02
O001949,C00712,2025-02-21
O001950,C00430,2025-03-05
O001951,C00905,2025-05-21
O001952,C00522,2025-05-08
O001953,C00125,2025-02-06
O001954,C00106,2024-12-11
O001955,C00792,2025-01-02
O001956,C00875,2025-01-18
O001957,C00331,2024-11-09
O001958,C00060,2025-04-06
O001959,C00143,2024-11-05
O001960,C00202,2025-04-14
O001961,C00033,2025-05-22
O001962,C00603,2025-08-07
O001963,C00893,2024-10-03
O001964,C00811,2025-05-25
O001965,C00783,2024-09-21
O001966,C00210,2024-12-22
O001967,C00704,2024-10-24
O001968,C00122,2024-10-19
O001969,C00136,2024-10-24
O001970,C00796,2024-09-06
O001971,C00712,2025-06-17
O001972,C00456,2024-09-12
O001973,C00397,2025-01-13
O001974,C00644,2025-05-03
O001975,C00937,2025-08-17
O001976,C00986,2025-06-28
O001977,C00324,2024-10-10
O001978,C00772,2025-08-16
O001979,C00337,2025-04-16
O001980,C00361,2024-10-25
O001981,C00192,2025-01-31
O001982,C00932,2025-07-22
O001983,C00246,2025-01-11
O001984,C00772,2024-10-27
O001985,C00063,2025-07-06
O001986,C00272,2025-08-03
O001987,C00895,2025-08-12
O001988,C00135,2025-08-04
O001989,C00669,2025-07-05
O001990,C00886,2025-02-02
O001991,C00577,2024-10-30
O001992,C00858,2025-04-03
O001993,C00307,2024-11-09
O001994,C00876,2025-02-09
O001995,C00052,2025-04-17
O001996,C00190,2025-08-01
O001997,C00733,2024-12-04
O001998,C00870,2024-11-20
O001999,C00551,2025-05-16
