order_id,product_id,unit_price,quantity
O000000,P0173,468.34,3
O000001,P0040,221.39,3
O000001,P0023,447.09,2
O000001,P0079,393.03,4
O000002,P0074,33.86,3
O000002,P0065,279.02,2
O000003,P0028,81.37,3
O000004,P0190,468.72,4
O000005,P0165,188.61,2
O000005,P0046,196.8,2
O000006,P0124,25.6,2
O000006,P0141,247.9,2
O000007,P0031,483.92,2
O000007,P0058,74.2,4
O000008,P0168,161.98,4
O000009,P0110,230.61,3
O000009,P0017,36.59,1
O000010,P0198,102.24,4
O000010,P0189,134.92,2
O000011,P0104,390.48,3
O000012,P0074,33.86,2
O000013,P0094,154.25,3
O000013,P0054,354.06,3
O000014,P0193,416.4,4
O000014,P0143,288.01,1
O000014,P0183,161.38,2
O000015,P0034,237.43,1
O000016,P0144,239.38,3
O000017,P0079,393.03,4
O000017,P0129,295.88,3
O000017,P0078,280.73,4
O000018,P0024,390.3,4
O000019,P0188,374.66,1
O000019,P0105,359.86,2
O000019,P0104,390.48,4
O000020,P0191,124.28,4
O000020,P0149,15.7,4
O000021,P0132,292.63,1
O000021,P0027,26.68,2
O000022,P0052,394.53,2
O000023,P0109,451.79,2
O000023,P0125,249.53,1
O000024,P0090,80.39,3
O000025,P0086,362.57,1
O000026,P0053,334.1,1
O000026,P0197,437.91,2
O000026,P0155,337.76,1
O000027,P0065,279.02,2
O000028,P0111,105.17,1
O000028,P0072,427.43,1
O000029,P0089,253.02,3
O000030,P0096,184.1,1
O000030,P0018,414.68,2
O000030,P0014,224.49,2
O000031,P0197,437.91,1
O000031,P0020,380.25,1
O000032,P0115,429.02,2
O000032,P0164,279.65,2
O000033,P0068,20.25,4
O000034,P0093,193.61,2
O000034,P0097,48.39,1
O000035,P0113,291.71,4
O000035,P0165,188.61,1
O000035,P0172,131.7,4
O000036,P0067,155.46,1
O000036,P0165,188.61,4
O000036,P0026,236.03,1
O000037,P0064,319.19,1
O000038,P0110,230.61,3
O000038,P0022,485.5,2
O000039,P0108,52.71,1
O000040,P0007,394.1,4
O000040,P0169,476.69,4
O000040,P0031,483.92,1
O000041,P0179,375.56,3
O000041,P0086,362.57,3
O000041,P0002,430.01,1
O000042,P0170,149.0,2
O000042,P0037,240.47,1
O000042,P0076,150.33,1
O000043,P0143,288.01,1
O000043,P0123,210.82,2
O000044,P0118,218.89,4
O000044,P0165,188.61,1
O000045,P0155,337.76,4
O000045,P0130,89.44,4
O000046,P0116,380.47,1
O000046,P0079,393.03,4
O000046,P0082,407.94,4
O000047,P0160,58.33,2
O000048,P0173,468.34,2
O000048,P0159,385.48,2
O000049,P0031,483.92,4
O000049,P0009,227.94,2
O000049,P0179,375.56,4
O000050,P0006,381.76,4
O000050,P0006,381.76,3
O000051,P0001,222.24,1
O000051,P0144,239.38,3
O000052,P0153,279.25,1
O000053,P0066,281.81,4
O000054,P0065,279.02,4
O000055,P0014,224.49,1
O000055,P0188,374.66,3
O000055,P0024,390.3,3
O000056,P0075,144.29,3
O000056,P0063,383.67,2
O000057,P0032,166.28,2
O000057,P0170,149.0,4
O000058,P0115,429.02,2
O000058,P0130,89.44,4
O000059,P0192,65.77,4
O000059,P0080,333.84,3
O000059,P0192,65.77,2
O000060,P0018,414.68,2
O000060,P0001,222.24,2
O000060,P0115,429.02,2
O000061,P0026,236.03,3
O000061,P0092,225.85,2
O000061,P0163,23.52,2
O000062,P0027,26.68,3
O000063,P0114,92.5,3
O000063,P0040,221.39,2
O000064,P0022,485.5,4
O000065,P0023,447.09,1
O000065,P0024,390.3,2
O000066,P0075,144.29,1
O000066,P0112,156.45,2
O000067,P0009,227.94,3
O000068,P0179,375.56,4
O000068,P0160,58.33,2
O000068,P0180,445.94,4
O000069,P0164,279.65,4
O000070,P0044,416.97,4
O000070,P0015,117.48,4
O000071,P0116,380.47,2
O000071,P0198,102.24,3
O000072,P0030,373.66,4
O000072,P0017,36.59,4
O000072,P0177,496.23,1
O000073,P0185,332.52,1
O000073,P0040,221.39,3
O000074,P0159,385.48,1
O000074,P0177,496.23,3
O000074,P0017,36.59,4
O000075,P0121,326.67,2
O000075,P0009,227.94,1
O000075,P0119,315.52,4
O000076,P0086,362.57,3
O000076,P0147,262.73,4
O000076,P0122,46.8,1
O000077,P0015,117.48,1
O000077,P0102,136.61,4
O000078,P0066,281.81,4
O000078,P0002,430.01,3
O000078,P0179,375.56,1
O000079,P0185,332.52,2
O000080,P0048,342.84,1
O000080,P0109,451.79,4
O000080,P0145,137.15,1
O000081,P0076,150.33,1
O000081,P0027,26.68,2
O000082,P0046,196.8,1
O000082,P0073,120.8,3
O000083,P0084,16.24,4
O000083,P0179,375.56,2
O000083,P0022,485.5,4
O000084,P0070,111.22,4
O000084,P0170,149.0,2
O000084,P0019,317.67,4
O000085,P0097,48.39,1
O000085,P0109,451.79,2
O000086,P0180,445.94,1
O000086,P0088,84.83,2
O000086,P0072,427.43,4
O000087,P0160,58.33,2
O000088,P0095,316.99,3
O000089,P0195,93.74,4
O000090,P0024,390.3,4
O000091,P0016,279.52,4
O000091,P0086,362.57,4
O000091,P0141,247.9,1
O000092,P0078,280.73,3
O000092,P0065,279.02,4
O000092,P0135,16.29,4
O000093,P0110,230.61,2
O000093,P0043,159.62,1
O000094,P0155,337.76,2
O000095,P0064,319.19,3
O000095,P0009,227.94,2
O000095,P0017,36.59,1
O000096,P0054,354.06,3
O000096,P0165,188.61,4
O000097,P0068,20.25,3
O000097,P0014,224.49,4
O000097,P0162,118.96,2
O000098,P0092,225.85,2
O000098,P0102,136.61,1
O000098,P0165,188.61,2
O000099,P0079,393.03,1
O000100,P0117,361.13,4
O000100,P0031,483.92,1
O000100,P0131,462.93,4
O000101,P0065,279.02,2
O000102,P0124,25.6,2
O000102,P0077,332.65,3
O000102,P0098,63.41,4
O000103,P0096,184.1,1
O000104,P0108,52.71,3
O000104,P0124,25.6,3
O000104,P0026,236.03,2
O000105,P0126,168.28,3
O000105,P0117,361.13,3
O000106,P0028,81.37,3
O000107,P0006,381.76,1
O000107,P0068,20.25,2
O000107,P0055,391.46,4
O000108,P0035,98.79,1
O000108,P0084,16.24,1
O000109,P0123,210.82,2
O000109,P0103,484.74,4
O000110,P0096,184.1,4
O000110,P0066,281.81,1
O000111,P0004,51.62,1
O000111,P0199,158.61,3
O000112,P0022,485.5,2
O000113,P0034,237.43,1
O000113,P0014,224.49,1
O000114,P0123,210.82,4
O000114,P0084,16.24,1
O000115,P0174,86.48,1
O000115,P0193,416.4,4
O000116,P0130,89.44,4
O000116,P0025,101.35,1
O000117,P0077,332.65,3
O000118,P0187,51.76,4
O000118,P0107,139.76,4
O000119,P0124,25.6,3
O000119,P0191,124.28,2
O000119,P0079,393.03,2
O000120,P0199,158.61,2
O000121,P0032,166.28,1
O000121,P0004,51.62,1
O000122,P0186,189.96,2
O000122,P0154,58.74,4
O000123,P0004,51.62,4
O000123,P0166,415.75,3
O000124,P0071,207.22,1
O000125,P0127,76.54,3
O000125,P0015,117.48,2
O000125,P0136,479.49,3
O000126,P0062,284.79,2
O000126,P0177,496.23,1
O000126,P0176,220.37,2
O000127,P0146,169.13,4
O000127,P0039,336.56,4
O000127,P0165,188.61,4
O000128,P0112,156.45,2
O000129,P0133,176.7,1
O000130,P0074,33.86,4
O000130,P0069,221.18,1
O000130,P0120,294.13,3
O000131,P0196,301.69,1
O000131,P0086,362.57,4
O000132,P0039,336.56,3
O000132,P0058,74.2,3
O000132,P0003,350.2,2
O000133,P0178,446.38,2
O000133,P0017,36.59,4
O000133,P0012,323.71,1
O000134,P0002,430.01,4
O000135,P0118,218.89,2
O000136,P0083,87.65,1
O000136,P0059,61.69,3
O000136,P0062,284.79,2
O000137,P0132,292.63,4
O000138,P0126,168.28,1
O000139,P0099,481.14,4
O000139,P0198,102.24,1
O000139,P0179,375.56,3
O000140,P0008,68.42,4
O000140,P0129,295.88,1
O000141,P0093,193.61,3
O000141,P0066,281.81,4
O000141,P0015,117.48,2
O000142,P0004,51.62,3
O000142,P0025,101.35,1
O000142,P0173,468.34,4
O000143,P0146,169.13,2
O000143,P0103,484.74,3
O000143,P0187,51.76,2
O000144,P0138,392.45,4
O000144,P0135,16.29,4
O000145,P0125,249.53,4
O000146,P0132,292.63,3
O000146,P0166,415.75,4
O000147,P0053,334.1,2
O000147,P0020,380.25,2
O000148,P0061,238.19,2
O000148,P0094,154.25,2
O000148,P0019,317.67,2
O000149,P0065,279.02,2
O000150,P0179,375.56,1
O000151,P0191,124.28,1
O000151,P0103,484.74,3
O000151,P0112,156.45,4
O000152,P0008,68.42,2
O000152,P0042,351.63,1
O000152,P0170,149.0,4
O000153,P0128,56.18,3
O000153,P0032,166.28,1
O000153,P0104,390.48,1
O000154,P0029,343.11,1
O000155,P0119,315.52,1
O000155,P0151,448.6,2
O000155,P0006,381.76,4
O000156,P0018,414.68,1
O000156,P0106,227.43,2
O000156,P0016,279.52,3
O000157,P0049,74.18,4
O000157,P0154,58.74,4
O000158,P0068,20.25,1
O000158,P0027,26.68,1
O000158,P0089,253.02,3
O000159,P0192,65.77,2
O000160,P0108,52.71,4
O000161,P0005,487.93,1
O000162,P0098,63.41,1
O000163,P0123,210.82,2
O000163,P0126,168.28,4
O000164,P0179,375.56,3
O000165,P0141,247.9,3
O000165,P0007,394.1,4
O000166,P0199,158.61,3
O000167,P0184,387.15,4
O000167,P0156,144.21,3
O000167,P0094,154.25,3
O000168,P0066,281.81,3
O000168,P0097,48.39,4
O000168,P0167,405.08,1
O000169,P0106,227.43,1
O000169,P0031,483.92,1
O000170,P0187,51.76,1
O000170,P0170,149.0,2
O000171,P0033,188.38,3
O000171,P0137,243.74,4
O000172,P0001,222.24,2
O000172,P0164,279.65,2
O000172,P0188,374.66,4
O000173,P0083,87.65,3
O000174,P0060,335.86,1
O000174,P0166,415.75,3
O000175,P0057,286.53,1
O000176,P0166,415.75,1
O000176,P0025,101.35,3
O000177,P0014,224.49,2
O000178,P0154,58.74,1
O000178,P0068,20.25,4
O000178,P0101,351.36,3
O000179,P0056,232.16,1
O000179,P0017,36.59,3
O000179,P0142,469.22,4
O000180,P0159,385.48,1
O000180,P0125,249.53,4
O000180,P0167,405.08,1
O000181,P0188,374.66,2
O000181,P0016,279.52,3
O000182,P0152,74.42,1
O000182,P0039,336.56,3
O000183,P0113,291.71,2
O000183,P0167,405.08,2
O000183,P0054,354.06,4
O000184,P0199,158.61,2
O000185,P0056,232.16,2
O000185,P0168,161.98,4
O000186,P0084,16.24,4
O000186,P0115,429.02,1
O000187,P0147,262.73,3
O000187,P0123,210.82,1
O000187,P0140,245.9,1
O000188,P0124,25.6,3
O000188,P0044,416.97,3
O000188,P0034,237.43,1
O000189,P0136,479.49,4
O000189,P0039,336.56,1
O000190,P0062,284.79,2
O000190,P0074,33.86,4
O000191,P0177,496.23,2
O000192,P0026,236.03,1
O000192,P0052,394.53,4
O000192,P0041,417.18,4
O000193,P0083,87.65,3
O000193,P0166,415.75,3
O000193,P0102,136.61,4
O000194,P0189,134.92,2
O000194,P0056,232.16,2
O000194,P0140,245.9,3
O000195,P0195,93.74,4
O000196,P0120,294.13,3
O000196,P0175,27.23,2
O000196,P0057,286.53,2
O000197,P0155,337.76,3
O000197,P0089,253.02,4
O000198,P0008,68.42,4
O000198,P0183,161.38,4
O000198,P0141,247.9,3
O000199,P0003,350.2,3
O000199,P0093,193.61,2
O000200,P0098,63.41,4
O000200,P0074,33.86,2
O000201,P0071,207.22,1
O000201,P0163,23.52,3
O000202,P0191,124.28,2
O000202,P0007,394.1,3
O000203,P0141,247.9,3
O000204,P0176,220.37,2
O000204,P0135,16.29,1
O000204,P0090,80.39,2
O000205,P0078,280.73,2
O000206,P0132,292.63,1
O000206,P0124,25.6,3
O000207,P0168,161.98,4
O000208,P0174,86.48,2
O000208,P0134,297.5,3
O000208,P0036,69.31,1
O000209,P0069,221.18,4
O000210,P0008,68.42,1
O000210,P0071,207.22,2
O000210,P0026,236.03,1
O000211,P0152,74.42,2
O000211,P0114,92.5,2
O000212,P0018,414.68,1
O000212,P0053,334.1,4
O000213,P0179,375.56,4
O000213,P0130,89.44,1
O000213,P0031,483.92,3
O000214,P0098,63.41,1
O000214,P0136,479.49,4
O000214,P0033,188.38,2
O000215,P0078,280.73,2
O000215,P0119,315.52,4
O000215,P0140,245.9,1
O000216,P0072,427.43,2
O000216,P0175,27.23,1
O000217,P0169,476.69,2
O000218,P0107,139.76,3
O000219,P0046,196.8,4
O000219,P0089,253.02,3
O000220,P0127,76.54,1
O000221,P0172,131.7,2
O000221,P0058,74.2,1
O000222,P0068,20.25,3
O000222,P0172,131.7,3
O000222,P0190,468.72,1
O000223,P0118,218.89,1
O000223,P0030,373.66,2
O000223,P0168,161.98,2
O000224,P0131,462.93,2
O000224,P0013,412.27,1
O000224,P0149,15.7,2
O000225,P0160,58.33,1
O000225,P0176,220.37,1
O000226,P0089,253.02,2
O000227,P0031,483.92,2
O000227,P0036,69.31,3
O000228,P0026,236.03,4
O000229,P0052,394.53,1
O000229,P0071,207.22,2
O000229,P0101,351.36,1
O000230,P0145,137.15,2
O000231,P0072,427.43,1
O000232,P0033,188.38,3
O000232,P0054,354.06,2
O000233,P0187,51.76,2
O000233,P0075,144.29,4
O000233,P0004,51.62,1
O000234,P0033,188.38,4
O000234,P0065,279.02,1
O000235,P0044,416.97,2
O000235,P0044,416.97,2
O000235,P0151,448.6,3
O000236,P0045,403.36,1
O000236,P0161,458.43,4
O000237,P0011,463.75,4
O000237,P0090,80.39,2
O000238,P0111,105.17,2
O000238,P0145,137.15,4
O000239,P0160,58.33,4
O000239,P0152,74.42,3
O000239,P0183,161.38,4
O000240,P0004,51.62,2
O000240,P0108,52.71,4
O000241,P0029,343.11,3
O000242,P0009,227.94,3
O000243,P0063,383.67,2
O000243,P0181,447.26,2
O000244,P0143,288.01,2
O000244,P0021,180.49,2
O000245,P0124,25.6,4
O000245,P0192,65.77,3
O000246,P0032,166.28,4
O000246,P0178,446.38,4
O000247,P0143,288.01,3
O000248,P0071,207.22,1
O000249,P0003,350.2,1
O000249,P0127,76.54,4
O000249,P0092,225.85,4
O000250,P0148,222.26,3
O000250,P0040,221.39,4
O000250,P0082,407.94,1
O000251,P0103,484.74,1
O000251,P0166,415.75,2
O000251,P0154,58.74,1
O000252,P0030,373.66,3
O000252,P0094,154.25,2
O000253,P0035,98.79,3
O000253,P0041,417.18,3
O000253,P0032,166.28,4
O000254,P0152,74.42,2
O000254,P0082,407.94,4
O000255,P0044,416.97,3
O000255,P0114,92.5,2
O000256,P0156,144.21,1
O000257,P0151,448.6,1
O000258,P0159,385.48,1
O000258,P0046,196.8,3
O000258,P0124,25.6,4
O000259,P0092,225.85,2
O000259,P0045,403.36,1
O000259,P0068,20.25,4
O000260,P0094,154.25,3
O000261,P0024,390.3,1
O000261,P0199,158.61,3
O000261,P0187,51.76,1
O000262,P0141,247.9,4
O000263,P0110,230.61,2
O000263,P0106,227.43,4
O000263,P0156,144.21,4
O000264,P0166,415.75,1
O000264,P0106,227.43,2
O000264,P0000,388.11,3
O000265,P0070,111.22,4
O000265,P0015,117.48,2
O000265,P0043,159.62,1
O000266,P0117,361.13,2
O000266,P0184,387.15,2
O000266,P0166,415.75,4
O000267,P0044,416.97,2
O000267,P0118,218.89,1
O000268,P0069,221.18,4
O000268,P0102,136.61,2
O000269,P0176,220.37,2
O000269,P0077,332.65,4
O000269,P0097,48.39,4
O000270,P0057,286.53,4
O000270,P0183,161.38,3
O000271,P0085,49.57,3
O000271,P0140,245.9,4
O000272,P0138,392.45,1
O000272,P0114,92.5,3
O000272,P0121,326.67,1
O000273,P0030,373.66,3
O000273,P0008,68.42,2
O000274,P0105,359.86,4
O000274,P0064,319.19,1
O000274,P0046,196.8,1
O000275,P0110,230.61,4
O000276,P0045,403.36,3
O000276,P0070,111.22,4
O000277,P0014,224.49,1
O000277,P0108,52.71,1
O000277,P0111,105.17,2
O000278,P0118,218.89,3
O000278,P0007,394.1,1
O000279,P0194,80.88,1
O000279,P0116,380.47,1
O000280,P0167,405.08,1
O000281,P0084,16.24,2
O000281,P0184,387.15,2
O000282,P0113,291.71,3
O000282,P0135,16.29,4
O000283,P0049,74.18,3
O000283,P0081,206.16,3
O000284,P0033,188.38,1
O000284,P0120,294.13,4
O000284,P0198,102.24,1
O000285,P0054,354.06,3
O000285,P0034,237.43,2
O000286,P0052,394.53,4
O000287,P0020,380.25,1
O000288,P0096,184.1,3
O000288,P0173,468.34,1
O000288,P0022,485.5,4
O000289,P0025,101.35,1
O000289,P0124,25.6,2
O000289,P0187,51.76,2
O000290,P0136,479.49,1
O000291,P0042,351.63,1
O000292,P0061,238.19,2
O000292,P0190,468.72,1
O000293,P0188,374.66,1
O000294,P0135,16.29,1
O000294,P0177,496.23,4
O000294,P0047,147.72,3
O000295,P0170,149.0,3
O000295,P0162,118.96,2
O000295,P0188,374.66,3
O000296,P0078,280.73,1
O000297,P0069,221.18,2
O000298,P0130,89.44,1
O000299,P0151,448.6,3
O000299,P0165,188.61,2
O000299,P0010,188.55,4
O000300,P0085,49.57,2
O000301,P0085,49.57,3
O000301,P0086,362.57,2
O000301,P0182,261.83,2
O000302,P0041,417.18,1
O000303,P0192,65.77,4
O000304,P0149,15.7,2
O000304,P0015,117.48,4
O000305,P0036,69.31,1
O000306,P0153,279.25,4
O000306,P0129,295.88,3
O000307,P0012,323.71,1
O000307,P0116,380.47,4
O000307,P0064,319.19,1
O000308,P0117,361.13,3
O000309,P0072,427.43,4
O000310,P0057,286.53,3
O000310,P0035,98.79,2
O000310,P0145,137.15,1
O000311,P0129,295.88,3
O000311,P0142,469.22,4
O000312,P0040,221.39,1
O000312,P0056,232.16,1
O000313,P0037,240.47,1
O000313,P0105,359.86,4
O000313,P0175,27.23,1
O000314,P0119,315.52,4
O000314,P0054,354.06,2
O000314,P0185,332.52,1
O000315,P0015,117.48,1
O000315,P0190,468.72,3
O000315,P0101,351.36,4
O000316,P0044,416.97,1
O000316,P0135,16.29,4
O000316,P0090,80.39,1
O000317,P0018,414.68,3
O000317,P0007,394.1,2
O000317,P0060,335.86,2
O000318,P0131,462.93,4
O000319,P0082,407.94,2
O000320,P0182,261.83,3
O000320,P0020,380.25,3
O000321,P0092,225.85,3
O000321,P0010,188.55,4
O000322,P0080,333.84,4
O000322,P0169,476.69,4
O000323,P0041,417.18,4
O000323,P0007,394.1,4
O000323,P0106,227.43,1
O000324,P0097,48.39,3
O000324,P0014,224.49,2
O000324,P0023,447.09,3
O000325,P0147,262.73,3
O000326,P0077,332.65,1
O000326,P0086,362.57,2
O000326,P0107,139.76,4
O000327,P0168,161.98,4
O000327,P0022,485.5,1
O000328,P0057,286.53,4
O000328,P0082,407.94,4
O000328,P0181,447.26,1
O000329,P0178,446.38,2
O000329,P0081,206.16,2
O000329,P0040,221.39,2
O000330,P0002,430.01,3
O000330,P0176,220.37,2
O000331,P0114,92.5,4
O000332,P0167,405.08,1
O000333,P0020,380.25,2
O000333,P0005,487.93,3
O000334,P0077,332.65,1
O000334,P0071,207.22,2
O000334,P0036,69.31,3
O000335,P0044,416.97,3
O000335,P0198,102.24,2
O000335,P0155,337.76,3
O000336,P0100,454.75,2
O000336,P0114,92.5,4
O000336,P0069,221.18,4
O000337,P0002,430.01,1
O000338,P0148,222.26,1
O000338,P0165,188.61,2
O000338,P0101,351.36,1
O000339,P0129,295.88,2
O000339,P0055,391.46,3
O000340,P0079,393.03,4
O000340,P0035,98.79,4
O000340,P0008,68.42,1
O000341,P0033,188.38,1
O000341,P0108,52.71,4
O000342,P0149,15.7,2
O000342,P0160,58.33,3
O000342,P0116,380.47,3
O000343,P0036,69.31,2
O000343,P0071,207.22,1
O000344,P0164,279.65,2
O000344,P0099,481.14,4
O000345,P0142,469.22,4
O000345,P0105,359.86,1
O000345,P0029,343.11,4
O000346,P0179,375.56,2
O000346,P0064,319.19,4
O000347,P0079,393.03,1
O000347,P0137,243.74,2
O000347,P0028,81.37,3
O000348,P0153,279.25,2
O000348,P0071,207.22,3
O000349,P0172,131.7,1
O000349,P0151,448.6,3
O000349,P0137,243.74,3
O000350,P0105,359.86,2
O000350,P0107,139.76,1
O000350,P0083,87.65,3
O000351,P0114,92.5,2
O000351,P0194,80.88,4
O000352,P0037,240.47,1
O000352,P0027,26.68,4
O000352,P0079,393.03,1
O000353,P0111,105.17,1
O000353,P0190,468.72,2
O000354,P0103,484.74,2
O000354,P0169,476.69,3
O000354,P0110,230.61,1
O000355,P0065,279.02,2
O000355,P0082,407.94,3
O000356,P0050,103.95,3
O000356,P0012,323.71,1
O000356,P0077,332.65,2
O000357,P0053,334.1,2
O000358,P0198,102.24,3
O000359,P0164,279.65,1
O000360,P0071,207.22,4
O000361,P0151,448.6,4
O000361,P0135,16.29,1
O000361,P0049,74.18,2
O000362,P0075,144.29,3
O000362,P0153,279.25,1
O000362,P0112,156.45,1
O000363,P0057,286.53,4
O000364,P0068,20.25,4
O000365,P0038,117.32,4
O000365,P0110,230.61,4
O000365,P0112,156.45,2
O000366,P0159,385.48,1
O000366,P0035,98.79,2
O000366,P0157,331.41,1
O000367,P0138,392.45,1
O000368,P0163,23.52,1
O000369,P0089,253.02,1
O000369,P0089,253.02,1
O000370,P0016,279.52,1
O000370,P0043,159.62,1
O000370,P0027,26.68,1
O000371,P0024,390.3,3
O000372,P0186,189.96,3
O000372,P0151,448.6,3
O000372,P0169,476.69,1
O000373,P0006,381.76,1
O000373,P0011,463.75,3
O000373,P0058,74.2,2
O000374,P0082,407.94,2
O000374,P0183,161.38,3
O000374,P0195,93.74,2
O000375,P0183,161.38,4
O000375,P0096,184.1,3
O000376,P0084,16.24,2
O000376,P0166,415.75,3
O000377,P0119,315.52,1
O000377,P0196,301.69,2
O000378,P0055,391.46,1
O000379,P0106,227.43,4
O000379,P0030,373.66,4
O000380,P0042,351.63,2
O000381,P0186,189.96,4
O000382,P0092,225.85,4
O000383,P0119,315.52,3
O000383,P0174,86.48,2
O000383,P0158,364.86,4
O000384,P0170,149.0,3
O000384,P0014,224.49,4
O000384,P0013,412.27,4
O000385,P0137,243.74,4
O000386,P0091,349.68,1
O000386,P0165,188.61,2
O000386,P0043,159.62,4
O000387,P0173,468.34,2
O000388,P0176,220.37,3
O000388,P0090,80.39,4
O000388,P0125,249.53,1
O000389,P0113,291.71,4
O000390,P0071,207.22,1
O000390,P0020,380.25,2
O000391,P0151,448.6,3
O000391,P0023,447.09,2
O000392,P0060,335.86,2
O000392,P0140,245.9,3
O000393,P0142,469.22,3
O000394,P0192,65.77,1
O000394,P0038,117.32,2
O000394,P0145,137.15,3
O000395,P0178,446.38,3
O000395,P0159,385.48,3
O000396,P0123,210.82,3
O000396,P0092,225.85,1
O000396,P0109,451.79,4
O000397,P0096,184.1,1
O000397,P0197,437.91,2
O000398,P0022,485.5,1
O000398,P0104,390.48,4
O000399,P0148,222.26,2
O000400,P0024,390.3,4
O000400,P0173,468.34,3
O000401,P0080,333.84,1
O000401,P0094,154.25,4
O000401,P0170,149.0,4
O000402,P0107,139.76,3
O000402,P0048,342.84,1
O000403,P0137,243.74,4
O000403,P0068,20.25,2
O000403,P0190,468.72,3
O000404,P0068,20.25,1
O000404,P0101,351.36,3
O000405,P0087,233.63,4
O000405,P0190,468.72,4
O000405,P0027,26.68,2
O000406,P0156,144.21,3
O000406,P0181,447.26,3
O000406,P0066,281.81,3
O000407,P0133,176.7,3
O000407,P0074,33.86,1
O000407,P0191,124.28,1
O000408,P0048,342.84,3
O000408,P0016,279.52,3
O000409,P0150,414.01,3
O000409,P0065,279.02,4
O000410,P0053,334.1,2
O000410,P0061,238.19,3
O000411,P0078,280.73,4
O000411,P0035,98.79,4
O000412,P0078,280.73,2
O000412,P0094,154.25,3
O000413,P0185,332.52,2
O000414,P0075,144.29,1
O000415,P0129,295.88,3
O000416,P0147,262.73,3
O000417,P0057,286.53,2
O000417,P0112,156.45,4
O000418,P0003,350.2,3
O000418,P0016,279.52,3
O000419,P0163,23.52,1
O000420,P0023,447.09,4
O000420,P0071,207.22,1
O000421,P0057,286.53,4
O000422,P0035,98.79,1
O000422,P0060,335.86,2
O000422,P0110,230.61,3
O000423,P0108,52.71,2
O000424,P0197,437.91,3
O000424,P0135,16.29,2
O000425,P0102,136.61,2
O000425,P0100,454.75,4
O000426,P0170,149.0,1
O000427,P0169,476.69,4
O000428,P0175,27.23,3
O000428,P0102,136.61,1
O000428,P0129,295.88,4
O000429,P0045,403.36,4
O000429,P0003,350.2,2
O000430,P0074,33.86,4
O000430,P0064,319.19,1
O000430,P0065,279.02,3
O000431,P0010,188.55,2
O000432,P0065,279.02,3
O000433,P0048,342.84,3
O000434,P0126,168.28,4
O000434,P0064,319.19,4
O000435,P0090,80.39,4
O000436,P0178,446.38,3
O000437,P0016,279.52,3
O000437,P0042,351.63,3
O000438,P0005,487.93,2
O000438,P0054,354.06,4
O000438,P0054,354.06,2
O000439,P0153,279.25,2
O000440,P0118,218.89,3
O000440,P0166,415.75,4
O000441,P0049,74.18,2
O000442,P0135,16.29,2
O000442,P0161,458.43,1
O000442,P0179,375.56,4
O000443,P0024,390.3,4
O000443,P0018,414.68,4
O000444,P0058,74.2,3
O000444,P0138,392.45,4
O000444,P0113,291.71,4
O000445,P0168,161.98,1
O000446,P0142,469.22,3
O000447,P0094,154.25,1
O000447,P0157,331.41,3
O000448,P0053,334.1,3
O000449,P0019,317.67,3
O000449,P0129,295.88,2
O000450,P0161,458.43,3
O000450,P0030,373.66,3
O000451,P0182,261.83,2
O000451,P0107,139.76,2
O000451,P0152,74.42,2
O000452,P0047,147.72,1
O000452,P0042,351.63,2
O000453,P0153,279.25,3
O000454,P0191,124.28,4
O000454,P0016,279.52,2
O000454,P0094,154.25,1
O000455,P0177,496.23,1
O000456,P0114,92.5,4
O000456,P0138,392.45,3
O000456,P0185,332.52,1
O000457,P0014,224.49,4
O000458,P0091,349.68,1
O000459,P0193,416.4,2
O000460,P0152,74.42,4
O000460,P0052,394.53,2
O000461,P0041,417.18,1
O000461,P0145,137.15,1
O000461,P0018,414.68,1
O000462,P0194,80.88,3
O000462,P0169,476.69,4
O000462,P0114,92.5,1
O000463,P0126,168.28,4
O000464,P0116,380.47,1
O000465,P0009,227.94,3
O000465,P0024,390.3,1
O000466,P0071,207.22,3
O000466,P0078,280.73,2
O000467,P0130,89.44,1
O000467,P0010,188.55,2
O000468,P0116,380.47,3
O000468,P0039,336.56,4
O000468,P0088,84.83,1
O000469,P0141,247.9,3
O000470,P0120,294.13,3
O000471,P0038,117.32,2
O000471,P0001,222.24,3
O000471,P0140,245.9,3
O000472,P0123,210.82,4
O000473,P0057,286.53,4
O000474,P0143,288.01,1
O000474,P0177,496.23,3
O000475,P0191,124.28,3
O000476,P0057,286.53,4
O000476,P0121,326.67,4
O000476,P0086,362.57,2
O000477,P0091,349.68,2
O000477,P0135,16.29,4
O000478,P0034,237.43,4
O000478,P0181,447.26,2
O000479,P0017,36.59,1
O000479,P0110,230.61,3
O000479,P0078,280.73,1
O000480,P0018,414.68,2
O000481,P0182,261.83,3
O000481,P0087,233.63,2
O000482,P0176,220.37,2
O000483,P0182,261.83,3
O000483,P0098,63.41,3
O000484,P0175,27.23,3
O000485,P0175,27.23,4
O000485,P0180,445.94,3
O000486,P0099,481.14,1
O000486,P0060,335.86,3
O000486,P0178,446.38,1
O000487,P0101,351.36,4
O000488,P0156,144.21,3
O000488,P0164,279.65,3
O000489,P0051,8.64,1
O000489,P0122,46.8,1
O000489,P0049,74.18,1
O000490,P0118,218.89,1
O000490,P0001,222.24,3
O000490,P0093,193.61,2
O000491,P0004,51.62,2
O000492,P0106,227.43,1
O000493,P0121,326.67,4
O000494,P0017,36.59,4
O000494,P0030,373.66,2
O000495,P0142,469.22,3
O000496,P0042,351.63,3
O000496,P0019,317.67,1
O000496,P0195,93.74,2
O000497,P0077,332.65,3
O000497,P0083,87.65,4
O000497,P0010,188.55,3
O000498,P0097,48.39,4
O000499,P0020,380.25,3
O000499,P0033,188.38,4
O000499,P0176,220.37,1
O000500,P0175,27.23,1
O000500,P0165,188.61,4
O000500,P0061,238.19,1
O000501,P0189,134.92,4
O000501,P0022,485.5,1
O000502,P0134,297.5,4
O000503,P0197,437.91,3
O000504,P0086,362.57,3
O000504,P0133,176.7,2
O000504,P0050,103.95,2
O000505,P0143,288.01,3
O000505,P0107,139.76,3
O000506,P0071,207.22,3
O000507,P0001,222.24,3
O000507,P0134,297.5,1
O000507,P0189,134.92,3
O000508,P0181,447.26,1
O000508,P0033,188.38,4
O000508,P0113,291.71,3
O000509,P0006,381.76,3
O000509,P0060,335.86,3
O000510,P0165,188.61,2
O000510,P0056,232.16,4
O000511,P0051,8.64,1
O000511,P0197,437.91,3
O000511,P0123,210.82,1
O000512,P0032,166.28,4
O000512,P0063,383.67,1
O000513,P0021,180.49,1
O000513,P0110,230.61,3
O000514,P0188,374.66,3
O000514,P0143,288.01,4
O000515,P0118,218.89,3
O000515,P0067,155.46,1
O000516,P0047,147.72,4
O000517,P0198,102.24,3
O000517,P0010,188.55,2
O000517,P0113,291.71,1
O000518,P0199,158.61,4
O000518,P0016,279.52,1
O000518,P0022,485.5,3
O000519,P0187,51.76,2
O000519,P0136,479.49,4
O000520,P0184,387.15,2
O000521,P0084,16.24,3
O000522,P0098,63.41,4
O000522,P0174,86.48,3
O000523,P0114,92.5,2
O000524,P0178,446.38,3
O000525,P0035,98.79,4
O000525,P0038,117.32,2
O000525,P0021,180.49,2
O000526,P0001,222.24,2
O000527,P0049,74.18,4
O000527,P0055,391.46,4
O000528,P0142,469.22,2
O000529,P0107,139.76,2
O000529,P0070,111.22,1
O000530,P0042,351.63,3
O000530,P0040,221.39,3
O000530,P0152,74.42,2
O000531,P0144,239.38,1
O000531,P0090,80.39,2
O000531,P0145,137.15,4
O000532,P0177,496.23,2
O000532,P0125,249.53,3
O000532,P0114,92.5,1
O000533,P0091,349.68,2
O000534,P0010,188.55,3
O000534,P0076,150.33,2
O000534,P0186,189.96,2
O000535,P0087,233.63,2
O000536,P0118,218.89,1
O000537,P0037,240.47,1
O000537,P0028,81.37,1
O000537,P0068,20.25,3
O000538,P0127,76.54,2
O000539,P0153,279.25,1
O000540,P0101,351.36,3
O000540,P0089,253.02,2
O000541,P0196,301.69,3
O000541,P0092,225.85,2
O000542,P0050,103.95,2
O000543,P0039,336.56,3
O000544,P0087,233.63,2
O000544,P0007,394.1,2
O000545,P0026,236.03,3
O000546,P0118,218.89,1
O000546,P0124,25.6,2
O000546,P0023,447.09,1
O000547,P0070,111.22,1
O000547,P0175,27.23,2
O000548,P0069,221.18,2
O000548,P0061,238.19,2
O000549,P0070,111.22,4
O000549,P0186,189.96,1
O000549,P0005,487.93,2
O000550,P0060,335.86,3
O000550,P0130,89.44,1
O000550,P0075,144.29,3
O000551,P0026,236.03,1
O000552,P0069,221.18,3
O000552,P0068,20.25,4
O000553,P0188,374.66,4
O000553,P0157,331.41,2
O000554,P0197,437.91,1
O000554,P0005,487.93,1
O000554,P0089,253.02,4
O000555,P0190,468.72,4
O000555,P0060,335.86,2
O000555,P0159,385.48,1
O000556,P0052,394.53,3
O000556,P0059,61.69,1
O000556,P0028,81.37,4
O000557,P0186,189.96,2
O000557,P0042,351.63,4
O000557,P0125,249.53,4
O000558,P0088,84.83,3
O000558,P0195,93.74,2
O000559,P0100,454.75,4
O000559,P0130,89.44,4
O000559,P0181,447.26,3
O000560,P0112,156.45,2
O000561,P0094,154.25,4
O000561,P0161,458.43,3
O000562,P0012,323.71,1
O000562,P0124,25.6,4
O000563,P0144,239.38,1
O000563,P0032,166.28,4
O000564,P0003,350.2,1
O000565,P0038,117.32,2
O000566,P0065,279.02,4
O000567,P0071,207.22,2
O000567,P0197,437.91,1
O000568,P0122,46.8,1
O000568,P0012,323.71,4
O000569,P0162,118.96,2
O000570,P0086,362.57,1
O000571,P0146,169.13,1
O000572,P0032,166.28,4
O000572,P0087,233.63,4
O000572,P0187,51.76,2
O000573,P0188,374.66,3
O000573,P0065,279.02,1
O000573,P0130,89.44,1
O000574,P0125,249.53,2
O000574,P0160,58.33,1
O000575,P0101,351.36,3
O000575,P0085,49.57,3
O000575,P0105,359.86,4
O000576,P0077,332.65,4
O000576,P0112,156.45,2
O000576,P0048,342.84,4
O000577,P0165,188.61,3
O000577,P0134,297.5,4
O000578,P0077,332.65,2
O000579,P0076,150.33,2
O000580,P0080,333.84,4
O000580,P0075,144.29,4
O000581,P0028,81.37,2
O000581,P0160,58.33,3
O000582,P0034,237.43,4
O000582,P0029,343.11,1
O000582,P0012,323.71,1
O000583,P0122,46.8,2
O000583,P0059,61.69,1
O000583,P0121,326.67,1
O000584,P0088,84.83,2
O000584,P0089,253.02,3
O000585,P0178,446.38,3
O000586,P0137,243.74,2
O000586,P0195,93.74,1
O000586,P0158,364.86,3
O000587,P0018,414.68,2
O000587,P0100,454.75,2
O000587,P0131,462.93,3
O000588,P0022,485.5,2
O000588,P0108,52.71,2
O000589,P0069,221.18,3
O000590,P0094,154.25,2
O000590,P0185,332.52,3
O000591,P0167,405.08,1
O000591,P0021,180.49,4
O000592,P0151,448.6,3
O000593,P0192,65.77,1
O000594,P0194,80.88,4
O000595,P0173,468.34,2
O000595,P0141,247.9,3
O000596,P0001,222.24,3
O000597,P0167,405.08,3
O000597,P0077,332.65,1
O000598,P0029,343.11,1
O000598,P0145,137.15,3
O000598,P0174,86.48,3
O000599,P0047,147.72,1
O000599,P0025,101.35,2
O000600,P0099,481.14,4
O000600,P0142,469.22,4
O000600,P0182,261.83,1
O000601,P0005,487.93,1
O000601,P0171,259.95,3
O000602,P0119,315.52,3
O000602,P0017,36.59,3
O000603,P0135,16.29,2
O000603,P0126,168.28,2
O000603,P0179,375.56,3
O000604,P0087,233.63,1
O000605,P0115,429.02,4
O000605,P0173,468.34,3
O000606,P0031,483.92,1
O000606,P0170,149.0,2
O000606,P0052,394.53,3
O000607,P0026,236.03,1
O000607,P0150,414.01,1
O000608,P0163,23.52,3
O000608,P0021,180.49,2
O000608,P0155,337.76,2
O000609,P0008,68.42,4
O000610,P0078,280.73,4
O000611,P0146,169.13,2
O000612,P0088,84.83,4
O000613,P0159,385.48,2
O000614,P0012,323.71,2
O000615,P0188,374.66,4
O000616,P0017,36.59,2
O000616,P0180,445.94,2
O000617,P0011,463.75,2
O000617,P0157,331.41,2
O000617,P0095,316.99,2
O000618,P0121,326.67,1
O000619,P0018,414.68,1
O000619,P0101,351.36,1
O000620,P0170,149.0,2
O000621,P0175,27.23,3
O000621,P0030,373.66,4
O000621,P0105,359.86,2
O000622,P0192,65.77,1
O000622,P0133,176.7,3
O000622,P0092,225.85,4
O000623,P0037,240.47,4
O000623,P0169,476.69,2
O000624,P0021,180.49,4
O000625,P0102,136.61,4
O000626,P0118,218.89,4
O000626,P0115,429.02,2
O000626,P0046,196.8,4
O000627,P0066,281.81,2
O000628,P0082,407.94,4
O000629,P0065,279.02,4
O000629,P0188,374.66,4
O000629,P0109,451.79,2
O000630,P0151,448.6,4
O000631,P0087,233.63,1
O000631,P0188,374.66,4
O000632,P0125,249.53,2
O000632,P0034,237.43,4
O000632,P0175,27.23,1
O000633,P0139,45.95,2
O000634,P0188,374.66,1
O000634,P0150,414.01,1
O000635,P0175,27.23,4
O000635,P0196,301.69,3
O000635,P0057,286.53,4
O000636,P0083,87.65,3
O000636,P0196,301.69,3
O000636,P0104,390.48,4
O000637,P0145,137.15,1
O000637,P0144,239.38,4
O000638,P0067,155.46,4
O000639,P0020,380.25,4
O000639,P0066,281.81,1
O000640,P0036,69.31,2
O000640,P0164,279.65,2
O000641,P0015,117.48,4
O000642,P0030,373.66,4
O000642,P0104,390.48,2
O000643,P0008,68.42,4
O000644,P0089,253.02,2
O000645,P0103,484.74,4
O000645,P0101,351.36,4
O000645,P0159,385.48,2
O000646,P0196,301.69,2
O000646,P0058,74.2,3
O000646,P0016,279.52,3
O000647,P0158,364.86,2
O000648,P0140,245.9,2
O000648,P0026,236.03,2
O000649,P0053,334.1,1
O000649,P0154,58.74,1
O000650,P0199,158.61,2
O000650,P0073,120.8,3
O000650,P0166,415.75,3
O000651,P0008,68.42,2
O000651,P0115,429.02,2
O000652,P0143,288.01,4
O000652,P0088,84.83,2
O000652,P0151,448.6,3
O000653,P0151,448.6,1
O000653,P0085,49.57,4
O000653,P0083,87.65,2
O000654,P0065,279.02,3
O000654,P0172,131.7,4
O000654,P0001,222.24,1
O000655,P0131,462.93,4
O000656,P0159,385.48,3
O000656,P0124,25.6,1
O000657,P0182,261.83,4
O000658,P0057,286.53,3
O000659,P0142,469.22,2
O000660,P0039,336.56,4
O000661,P0189,134.92,1
O000661,P0041,417.18,2
O000661,P0128,56.18,3
O000662,P0164,279.65,3
O000662,P0012,323.71,2
O000663,P0005,487.93,2
O000664,P0177,496.23,1
O000664,P0085,49.57,4
O000665,P0133,176.7,1
O000666,P0010,188.55,3
O000666,P0123,210.82,2
O000667,P0026,236.03,1
O000668,P0096,184.1,2
O000668,P0179,375.56,1
O000669,P0181,447.26,4
O000669,P0077,332.65,2
O000670,P0136,479.49,2
O000670,P0129,295.88,1
O000670,P0004,51.62,2
O000671,P0047,147.72,1
O000672,P0048,342.84,2
O000672,P0165,188.61,3
O000673,P0006,381.76,2
O000673,P0132,292.63,2
O000674,P0099,481.14,3
O000675,P0055,391.46,3
O000676,P0146,169.13,4
O000676,P0072,427.43,2
O000676,P0130,89.44,2
O000677,P0078,280.73,2
O000677,P0057,286.53,2
O000677,P0045,403.36,4
O000678,P0061,238.19,4
O000678,P0135,16.29,1
O000678,P0077,332.65,4
O000679,P0089,253.02,3
O000680,P0151,448.6,3
O000680,P0126,168.28,4
O000680,P0045,403.36,2
O000681,P0101,351.36,2
O000682,P0074,33.86,3
O000682,P0036,69.31,2
O000683,P0050,103.95,2
O000683,P0136,479.49,2
O000683,P0087,233.63,1
O000684,P0177,496.23,4
O000684,P0015,117.48,4
O000685,P0145,137.15,2
O000686,P0160,58.33,3
O000686,P0162,118.96,1
O000686,P0090,80.39,3
O000687,P0042,351.63,1
O000688,P0060,335.86,1
O000688,P0094,154.25,2
O000689,P0035,98.79,3
O000689,P0068,20.25,2
O000690,P0085,49.57,4
O000691,P0069,221.18,4
O000691,P0112,156.45,3
O000691,P0036,69.31,2
O000692,P0032,166.28,2
O000692,P0041,417.18,1
O000692,P0168,161.98,4
O000693,P0189,134.92,4
O000694,P0056,232.16,4
O000694,P0044,416.97,3
O000695,P0181,447.26,2
O000695,P0043,159.62,4
O000696,P0155,337.76,2
O000697,P0028,81.37,3
O000697,P0139,45.95,2
O000698,P0091,349.68,2
O000698,P0091,349.68,1
O000699,P0049,74.18,3
O000700,P0095,316.99,2
O000701,P0148,222.26,2
O000701,P0105,359.86,2
O000702,P0018,414.68,2
O000703,P0146,169.13,3
O000703,P0141,247.9,4
O000703,P0059,61.69,4
O000704,P0155,337.76,2
O000705,P0068,20.25,3
O000706,P0015,117.48,4
O000707,P0156,144.21,3
O000708,P0114,92.5,4
O000709,P0054,354.06,4
O000709,P0194,80.88,2
O000709,P0119,315.52,1
O000710,P0158,364.86,2
O000710,P0053,334.1,4
O000710,P0016,279.52,3
O000711,P0115,429.02,4
O000711,P0155,337.76,4
O000712,P0051,8.64,1
O000712,P0054,354.06,1
O000713,P0195,93.74,3
O000713,P0160,58.33,1
O000714,P0147,262.73,3
O000715,P0114,92.5,1
O000715,P0140,245.9,3
O000715,P0056,232.16,1
O000716,P0167,405.08,4
O000716,P0152,74.42,4
O000716,P0146,169.13,3
O000717,P0125,249.53,4
O000717,P0021,180.49,3
O000718,P0072,427.43,4
O000718,P0145,137.15,3
O000719,P0169,476.69,3
O000719,P0178,446.38,4
O000719,P0091,349.68,1
O000720,P0022,485.5,1
O000721,P0020,380.25,3
O000721,P0029,343.11,1
O000722,P0134,297.5,4
O000723,P0192,65.77,3
O000723,P0085,49.57,2
O000723,P0118,218.89,2
O000724,P0193,416.4,1
O000725,P0135,16.29,2
O000725,P0198,102.24,3
O000725,P0060,335.86,3
O000726,P0047,147.72,1
O000727,P0049,74.18,1
O000727,P0035,98.79,2
O000727,P0074,33.86,4
O000728,P0097,48.39,4
O000728,P0166,415.75,1
O000728,P0014,224.49,1
O000729,P0043,159.62,2
O000730,P0020,380.25,4
O000731,P0039,336.56,3
O000732,P0108,52.71,3
O000732,P0124,25.6,1
O000733,P0101,351.36,3
O000734,P0144,239.38,3
O000735,P0147,262.73,1
O000736,P0115,429.02,3
O000736,P0014,224.49,1
O000736,P0185,332.52,4
O000737,P0039,336.56,4
O000738,P0165,188.61,4
O000738,P0094,154.25,4
O000738,P0193,416.4,2
O000739,P0175,27.23,1
O000739,P0116,380.47,2
O000739,P0182,261.83,1
O000740,P0094,154.25,4
O000740,P0166,415.75,2
O000741,P0085,49.57,2
O000742,P0085,49.57,3
O000742,P0106,227.43,3
O000742,P0087,233.63,2
O000743,P0146,169.13,3
O000744,P0026,236.03,4
O000744,P0097,48.39,3
O000745,P0034,237.43,4
O000745,P0060,335.86,1
O000745,P0069,221.18,2
O000746,P0031,483.92,1
O000746,P0126,168.28,1
O000747,P0040,221.39,2
O000747,P0113,291.71,1
O000747,P0192,65.77,2
O000748,P0129,295.88,1
O000749,P0131,462.93,4
O000750,P0160,58.33,2
O000750,P0046,196.8,3
O000750,P0050,103.95,4
O000751,P0176,220.37,1
O000751,P0154,58.74,4
O000751,P0153,279.25,1
O000752,P0093,193.61,2
O000753,P0181,447.26,1
O000753,P0178,446.38,2
O000753,P0077,332.65,2
O000754,P0031,483.92,4
O000754,P0179,375.56,2
O000755,P0175,27.23,1
O000756,P0171,259.95,1
O000757,P0172,131.7,2
O000757,P0002,430.01,2
O000758,P0095,316.99,3
O000758,P0030,373.66,1
O000758,P0184,387.15,2
O000759,P0159,385.48,4
O000760,P0184,387.15,1
O000761,P0102,136.61,2
O000761,P0015,117.48,1
O000761,P0023,447.09,3
O000762,P0197,437.91,4
O000763,P0132,292.63,2
O000763,P0073,120.8,3
O000763,P0008,68.42,3
O000764,P0142,469.22,1
O000764,P0179,375.56,2
O000765,P0176,220.37,3
O000766,P0138,392.45,3
O000767,P0098,63.41,4
O000767,P0176,220.37,2
O000767,P0079,393.03,1
O000768,P0153,279.25,1
O000768,P0130,89.44,1
O000768,P0040,221.39,4
O000769,P0062,284.79,3
O000769,P0020,380.25,4
O000769,P0012,323.71,1
O000770,P0064,319.19,2
O000771,P0044,416.97,4
O000772,P0084,16.24,3
O000773,P0063,383.67,3
O000773,P0126,168.28,1
O000773,P0066,281.81,2
O000774,P0133,176.7,4
O000774,P0103,484.74,2
O000775,P0121,326.67,4
O000776,P0047,147.72,2
O000776,P0154,58.74,1
O000776,P0085,49.57,3
O000777,P0048,342.84,4
O000777,P0072,427.43,2
O000777,P0136,479.49,1
O000778,P0004,51.62,4
O000778,P0168,161.98,4
O000779,P0048,342.84,2
O000780,P0179,375.56,1
O000780,P0065,279.02,4
O000781,P0123,210.82,3
O000782,P0074,33.86,3
O000782,P0084,16.24,4
O000782,P0140,245.9,2
O000783,P0114,92.5,2
O000783,P0178,446.38,1
O000783,P0180,445.94,2
O000784,P0180,445.94,3
O000784,P0006,381.76,2
O000785,P0033,188.38,2
O000785,P0150,414.01,2
O000786,P0115,429.02,2
O000786,P0121,326.67,4
O000786,P0027,26.68,2
O000787,P0111,105.17,2
O000787,P0021,180.49,1
O000787,P0081,206.16,1
O000788,P0033,188.38,4
O000788,P0081,206.16,1
O000788,P0065,279.02,3
O000789,P0116,380.47,1
O000789,P0167,405.08,2
O000790,P0070,111.22,4
O000790,P0005,487.93,4
O000790,P0091,349.68,1
O000791,P0088,84.83,2
O000792,P0125,249.53,3
O000793,P0122,46.8,1
O000794,P0025,101.35,2
O000795,P0107,139.76,1
O000795,P0008,68.42,4
O000795,P0155,337.76,2
O000796,P0152,74.42,2
O000797,P0053,334.1,1
O000797,P0183,161.38,1
O000797,P0072,427.43,4
O000798,P0026,236.03,2
O000798,P0050,103.95,4
O000799,P0144,239.38,2
O000799,P0105,359.86,3
O000799,P0073,120.8,1
O000800,P0159,385.48,3
O000801,P0106,227.43,4
O000802,P0096,184.1,2
O000802,P0167,405.08,2
O000802,P0052,394.53,1
O000803,P0030,373.66,1
O000803,P0121,326.67,2
O000804,P0051,8.64,3
O000804,P0198,102.24,3
O000805,P0067,155.46,4
O000806,P0167,405.08,4
O000806,P0081,206.16,2
O000806,P0018,414.68,4
O000807,P0076,150.33,4
O000807,P0024,390.3,1
O000808,P0128,56.18,3
O000809,P0131,462.93,3
O000809,P0101,351.36,2
O000810,P0129,295.88,2
O000810,P0152,74.42,3
O000810,P0127,76.54,4
O000811,P0046,196.8,3
O000811,P0110,230.61,4
O000812,P0061,238.19,2
O000812,P0095,316.99,2
O000812,P0073,120.8,1
O000813,P0005,487.93,4
O000813,P0080,333.84,2
O000814,P0149,15.7,1
O000814,P0132,292.63,2
O000815,P0128,56.18,4
O000816,P0139,45.95,1
O000816,P0158,364.86,1
O000817,P0103,484.74,4
O000817,P0015,117.48,4
O000817,P0169,476.69,1
O000818,P0126,168.28,1
O000819,P0149,15.7,4
O000819,P0080,333.84,4
O000819,P0061,238.19,1
O000820,P0059,61.69,4
O000821,P0140,245.9,3
O000821,P0143,288.01,1
O000821,P0080,333.84,1
O000822,P0183,161.38,3
O000823,P0166,415.75,3
O000823,P0035,98.79,2
O000823,P0109,451.79,4
O000824,P0108,52.71,4
O000825,P0036,69.31,3
O000825,P0023,447.09,4
O000825,P0100,454.75,3
O000826,P0180,445.94,2
O000826,P0158,364.86,4
O000827,P0131,462.93,1
O000827,P0053,334.1,4
O000827,P0123,210.82,1
O000828,P0187,51.76,1
O000828,P0050,103.95,3
O000829,P0054,354.06,2
O000829,P0013,412.27,3
O000830,P0061,238.19,2
O000830,P0071,207.22,4
O000830,P0057,286.53,2
O000831,P0187,51.76,1
O000832,P0086,362.57,3
O000833,P0180,445.94,2
O000833,P0107,139.76,2
O000834,P0101,351.36,3
O000834,P0025,101.35,1
O000834,P0119,315.52,1
O000835,P0056,232.16,2
O000835,P0053,334.1,4
O000836,P0158,364.86,4
O000836,P0081,206.16,3
O000837,P0004,51.62,3
O000837,P0036,69.31,3
O000838,P0164,279.65,1
O000838,P0051,8.64,3
O000838,P0037,240.47,2
O000839,P0007,394.1,4
O000839,P0163,23.52,3
O000839,P0022,485.5,4
O000840,P0119,315.52,1
O000840,P0144,239.38,3
O000841,P0040,221.39,1
O000841,P0058,74.2,1
O000841,P0039,336.56,2
O000842,P0063,383.67,3
O000842,P0155,337.76,4
O000842,P0046,196.8,4
O000843,P0053,334.1,3
O000843,P0164,279.65,2
O000844,P0112,156.45,2
O000845,P0056,232.16,1
O000845,P0075,144.29,1
O000846,P0143,288.01,3
O000847,P0004,51.62,4
O000847,P0081,206.16,2
O000847,P0069,221.18,3
O000848,P0070,111.22,3
O000848,P0137,243.74,2
O000848,P0160,58.33,2
O000849,P0031,483.92,2
O000849,P0182,261.83,4
O000849,P0052,394.53,4
O000850,P0079,393.03,3
O000851,P0036,69.31,3
O000851,P0051,8.64,2
O000852,P0163,23.52,2
O000852,P0109,451.79,1
O000853,P0188,374.66,1
O000853,P0166,415.75,2
O000853,P0076,150.33,1
O000854,P0036,69.31,2
O000855,P0065,279.02,4
O000855,P0044,416.97,2
O000855,P0021,180.49,3
O000856,P0078,280.73,1
O000856,P0101,351.36,4
O000856,P0126,168.28,1
O000857,P0138,392.45,2
O000858,P0175,27.23,4
O000859,P0014,224.49,2
O000859,P0002,430.01,4
O000859,P0181,447.26,4
O000860,P0074,33.86,4
O000860,P0065,279.02,3
O000860,P0050,103.95,1
O000861,P0197,437.91,3
O000861,P0192,65.77,4
O000861,P0104,390.48,4
O000862,P0164,279.65,2
O000863,P0087,233.63,1
O000864,P0033,188.38,4
O000864,P0150,414.01,4
O000864,P0091,349.68,4
O000865,P0107,139.76,3
O000865,P0092,225.85,4
O000866,P0057,286.53,3
O000866,P0072,427.43,1
O000867,P0045,403.36,4
O000867,P0001,222.24,3
O000867,P0066,281.81,2
O000868,P0196,301.69,1
O000869,P0051,8.64,3
O000869,P0038,117.32,4
O000870,P0046,196.8,2
O000870,P0033,188.38,4
O000870,P0159,385.48,3
O000871,P0105,359.86,4
O000872,P0132,292.63,3
O000873,P0024,390.3,3
O000873,P0113,291.71,4
O000873,P0099,481.14,1
O000874,P0129,295.88,4
O000874,P0102,136.61,3
O000875,P0103,484.74,2
O000875,P0162,118.96,3
O000875,P0155,337.76,2
O000876,P0198,102.24,1
O000876,P0194,80.88,2
O000876,P0067,155.46,1
O000877,P0016,279.52,1
O000877,P0053,334.1,2
O000877,P0145,137.15,4
O000878,P0075,144.29,1
O000878,P0122,46.8,1
O000879,P0064,319.19,4
O000880,P0168,161.98,4
O000880,P0042,351.63,1
O000881,P0175,27.23,1
O000881,P0084,16.24,2
O000882,P0095,316.99,4
O000882,P0118,218.89,2
O000883,P0000,388.11,3
O000883,P0150,414.01,2
O000883,P0071,207.22,4
O000884,P0193,416.4,1
O000884,P0072,427.43,4
O000885,P0014,224.49,1
O000885,P0092,225.85,4
O000885,P0071,207.22,4
O000886,P0186,189.96,2
O000886,P0111,105.17,3
O000886,P0050,103.95,3
O000887,P0047,147.72,3
O000887,P0084,16.24,3
O000888,P0097,48.39,3
O000888,P0163,23.52,3
O000889,P0157,331.41,1
O000890,P0109,451.79,4
O000890,P0076,150.33,3
O000890,P0199,158.61,1
O000891,P0111,105.17,1
O000891,P0089,253.02,2
O000891,P0169,476.69,2
O000892,P0112,156.45,4
O000893,P0061,238.19,2
O000893,P0135,16.29,3
O000894,P0083,87.65,2
O000895,P0085,49.57,2
O000895,P0141,247.9,4
O000896,P0041,417.18,1
O000897,P0132,292.63,4
O000897,P0163,23.52,2
O000898,P0079,393.03,4
O000899,P0151,448.6,1
O000899,P0189,134.92,3
O000900,P0041,417.18,4
O000901,P0170,149.0,3
O000902,P0040,221.39,1
O000902,P0116,380.47,2
O000903,P0102,136.61,3
O000904,P0053,334.1,4
O000904,P0022,485.5,2
O000904,P0058,74.2,2
O000905,P0064,319.19,3
O000905,P0060,335.86,4
O000906,P0042,351.63,1
O000907,P0130,89.44,2
O000908,P0113,291.71,4
O000908,P0187,51.76,1
O000909,P0007,394.1,3
O000909,P0061,238.19,3
O000909,P0006,381.76,3
O000910,P0129,295.88,3
O000911,P0139,45.95,3
O000912,P0101,351.36,3
O000912,P0162,118.96,2
O000912,P0164,279.65,2
O000913,P0102,136.61,1
O000913,P0094,154.25,3
O000914,P0150,414.01,2
O000915,P0024,390.3,1
O000915,P0158,364.86,4
O000916,P0037,240.47,1
O000916,P0030,373.66,3
O000917,P0037,240.47,3
O000917,P0110,230.61,4
O000918,P0011,463.75,4
O000918,P0028,81.37,2
O000919,P0092,225.85,1
O000919,P0170,149.0,3
O000920,P0118,218.89,3
O000921,P0127,76.54,4
O000921,P0175,27.23,4
O000921,P0134,297.5,1
O000922,P0132,292.63,4
O000923,P0086,362.57,1
O000923,P0026,236.03,2
O000924,P0071,207.22,2
O000924,P0138,392.45,1
O000924,P0071,207.22,3
O000925,P0138,392.45,2
O000926,P0041,417.18,3
O000927,P0172,131.7,4
O000927,P0005,487.93,2
O000928,P0170,149.0,1
O000929,P0065,279.02,2
O000930,P0115,429.02,2
O000931,P0048,342.84,4
O000931,P0124,25.6,3
O000931,P0108,52.71,4
O000932,P0198,102.24,3
O000932,P0197,437.91,4
O000932,P0143,288.01,1
O000933,P0113,291.71,2
O000933,P0005,487.93,3
O000933,P0166,415.75,4
O000934,P0066,281.81,1
O000934,P0164,279.65,2
O000935,P0020,380.25,4
O000935,P0068,20.25,4
O000936,P0131,462.93,4
O000936,P0138,392.45,2
O000937,P0079,393.03,4
O000937,P0063,383.67,3
O000938,P0098,63.41,2
O000938,P0076,150.33,3
O000939,P0119,315.52,2
O000939,P0002,430.01,1
O000939,P0185,332.52,1
O000940,P0167,405.08,2
O000941,P0110,230.61,4
O000941,P0068,20.25,1
O000942,P0114,92.5,3
O000942,P0053,334.1,1
O000942,P0104,390.48,2
O000943,P0123,210.82,4
O000944,P0199,158.61,4
O000944,P0153,279.25,3
O000944,P0041,417.18,2
O000945,P0191,124.28,4
O000946,P0129,295.88,2
O000947,P0095,316.99,2
O000948,P0040,221.39,1
O000949,P0151,448.6,4
O000949,P0047,147.72,3
O000950,P0139,45.95,4
O000950,P0167,405.08,4
O000950,P0076,150.33,2
O000951,P0065,279.02,4
O000951,P0018,414.68,4
O000951,P0058,74.2,2
O000952,P0009,227.94,3
O000953,P0164,279.65,4
O000953,P0089,253.02,3
O000953,P0150,414.01,1
O000954,P0068,20.25,3
O000954,P0086,362.57,3
O000955,P0168,161.98,2
O000955,P0092,225.85,1
O000956,P0133,176.7,3
O000957,P0011,463.75,4
O000958,P0109,451.79,3
O000959,P0170,149.0,4
O000959,P0180,445.94,4
O000960,P0105,359.86,3
O000960,P0075,144.29,3
O000961,P0127,76.54,1
O000961,P0005,487.93,2
O000962,P0114,92.5,2
O000963,P0186,189.96,1
O000963,P0112,156.45,1
O000964,P0099,481.14,2
O000964,P0025,101.35,1
O000964,P0083,87.65,3
O000965,P0148,222.26,4
O000965,P0149,15.7,4
O000965,P0192,65.77,4
O000966,P0004,51.62,2
O000966,P0073,120.8,4
O000967,P0072,427.43,2
O000968,P0125,249.53,4
O000968,P0120,294.13,2
O000968,P0023,447.09,3
O000969,P0090,80.39,4
O000969,P0138,392.45,1
O000969,P0141,247.9,3
O000970,P0020,380.25,4
O000971,P0108,52.71,4
O000972,P0093,193.61,2
O000973,P0143,288.01,4
O000974,P0113,291.71,3
O000974,P0181,447.26,1
O000975,P0090,80.39,4
O000975,P0058,74.2,4
O000976,P0019,317.67,2
O000977,P0031,483.92,3
O000977,P0138,392.45,3
O000978,P0061,238.19,4
O000979,P0126,168.28,2
O000980,P0086,362.57,3
O000980,P0012,323.71,2
O000980,P0076,150.33,4
O000981,P0123,210.82,3
O000981,P0010,188.55,1
O000982,P0182,261.83,2
O000983,P0070,111.22,4
O000983,P0194,80.88,2
O000984,P0094,154.25,3
O000984,P0163,23.52,1
O000984,P0058,74.2,3
O000985,P0105,359.86,2
O000985,P0183,161.38,2
O000986,P0194,80.88,3
O000987,P0042,351.63,2
O000987,P0198,102.24,2
O000988,P0114,92.5,2
O000988,P0122,46.8,2
O000989,P0174,86.48,3
O000990,P0169,476.69,3
O000991,P0129,295.88,2
O000992,P0030,373.66,4
O000992,P0007,394.1,3
O000992,P0083,87.65,3
O000993,P0195,93.74,2
O000994,P0107,139.76,4
O000994,P0171,259.95,3
O000995,P0115,429.02,2
O000995,P0178,446.38,1
O000995,P0134,297.5,1
O000996,P0042,351.63,3
O000996,P0090,80.39,2
O000997,P0107,139.76,3
O000997,P0032,166.28,2
O000997,P0022,485.5,1
O000998,P0162,118.96,3
O000998,P0037,240.47,1
O000998,P0192,65.77,2
O000999,P0124,25.6,3
O000999,P0108,52.71,1
O001000,P0173,468.34,2
O001000,P0196,301.69,2
O001000,P0046,196.8,1
O001001,P0149,15.7,1
O001001,P0066,281.81,4
O001001,P0036,69.31,2
O001002,P0162,118.96,1
O001002,P0168,161.98,1
O001002,P0115,429.02,4
O001003,P0196,301.69,3
O001003,P0059,61.69,1
O001003,P0135,16.29,4
O001004,P0167,405.08,4
O001004,P0075,144.29,4
O001005,P0151,448.6,3
O001005,P0153,279.25,3
O001005,P0076,150.33,3
O001006,P0034,237.43,2
O001007,P0181,447.26,4
O001007,P0110,230.61,3
O001007,P0199,158.61,3
O001008,P0026,236.03,2
O001009,P0117,361.13,4
O001009,P0173,468.34,2
O001010,P0039,336.56,2
O001011,P0012,323.71,3
O001012,P0012,323.71,4
O001012,P0015,117.48,4
O001013,P0007,394.1,1
O001014,P0097,48.39,1
O001015,P0017,36.59,1
O001015,P0168,161.98,1
O001015,P0029,343.11,4
O001016,P0070,111.22,1
O001016,P0109,451.79,2
O001016,P0198,102.24,3
O001017,P0054,354.06,4
O001017,P0039,336.56,2
O001018,P0183,161.38,2
O001019,P0006,381.76,3
O001019,P0062,284.79,3
O001020,P0140,245.9,4
O001020,P0062,284.79,2
O001020,P0033,188.38,2
O001021,P0021,180.49,2
O001021,P0000,388.11,2
O001021,P0034,237.43,1
O001022,P0174,86.48,3
O001023,P0004,51.62,4
O001023,P0108,52.71,2
O001023,P0133,176.7,1
O001024,P0144,239.38,2
O001025,P0121,326.67,4
O001025,P0182,261.83,4
O001026,P0106,227.43,3
O001027,P0045,403.36,1
O001028,P0082,407.94,1
O001028,P0067,155.46,2
O001029,P0193,416.4,2
O001029,P0179,375.56,3
O001030,P0170,149.0,4
O001030,P0159,385.48,1
O001031,P0181,447.26,3
O001032,P0128,56.18,3
O001033,P0078,280.73,3
O001034,P0148,222.26,1
O001034,P0093,193.61,2
O001034,P0074,33.86,4
O001035,P0000,388.11,1
O001035,P0145,137.15,1
O001036,P0089,253.02,4
O001036,P0076,150.33,2
O001036,P0169,476.69,2
O001037,P0034,237.43,1
O001037,P0110,230.61,1
O001037,P0068,20.25,4
O001038,P0073,120.8,4
O001039,P0032,166.28,4
O001039,P0018,414.68,1
O001040,P0016,279.52,1
O001040,P0194,80.88,1
O001040,P0047,147.72,3
O001041,P0173,468.34,4
O001041,P0004,51.62,1
O001042,P0056,232.16,3
O001043,P0125,249.53,2
O001043,P0008,68.42,4
O001043,P0187,51.76,4
O001044,P0093,193.61,3
O001044,P0127,76.54,3
O001044,P0025,101.35,3
O001045,P0121,326.67,3
O001045,P0141,247.9,3
O001045,P0082,407.94,2
O001046,P0122,46.8,4
O001046,P0143,288.01,4
O001047,P0042,351.63,1
O001047,P0142,469.22,3
O001048,P0064,319.19,1
O001049,P0137,243.74,3
O001050,P0024,390.3,3
O001050,P0167,405.08,2
O001050,P0150,414.01,1
O001051,P0174,86.48,1
O001051,P0089,253.02,4
O001051,P0010,188.55,4
O001052,P0042,351.63,2
O001052,P0095,316.99,1
O001052,P0109,451.79,2
O001053,P0073,120.8,1
O001053,P0074,33.86,4
O001053,P0027,26.68,1
O001054,P0146,169.13,1
O001055,P0049,74.18,3
O001055,P0116,380.47,2
O001055,P0087,233.63,3
O001056,P0008,68.42,3
O001056,P0168,161.98,3
O001057,P0131,462.93,2
O001058,P0018,414.68,1
O001058,P0016,279.52,2
O001059,P0119,315.52,4
O001060,P0084,16.24,1
O001061,P0143,288.01,1
O001061,P0123,210.82,2
O001062,P0072,427.43,1
O001063,P0023,447.09,3
O001063,P0106,227.43,1
O001063,P0127,76.54,3
O001064,P0109,451.79,3
O001064,P0059,61.69,3
O001064,P0070,111.22,4
O001065,P0137,243.74,2
O001065,P0018,414.68,3
O001066,P0078,280.73,3
O001066,P0166,415.75,1
O001066,P0178,446.38,2
O001067,P0108,52.71,1
O001067,P0065,279.02,4
O001067,P0151,448.6,4
O001068,P0146,169.13,1
O001068,P0142,469.22,3
O001068,P0171,259.95,3
O001069,P0065,279.02,4
O001069,P0031,483.92,2
O001070,P0149,15.7,3
O001070,P0120,294.13,4
O001071,P0028,81.37,2
O001071,P0045,403.36,4
O001071,P0008,68.42,1
O001072,P0043,159.62,3
O001072,P0001,222.24,1
O001073,P0149,15.7,3
O001073,P0097,48.39,3
O001074,P0032,166.28,2
O001075,P0008,68.42,3
O001076,P0090,80.39,3
O001077,P0044,416.97,4
O001077,P0114,92.5,1
O001077,P0068,20.25,4
O001078,P0062,284.79,1
O001079,P0001,222.24,1
O001080,P0023,447.09,1
O001080,P0180,445.94,3
O001080,P0024,390.3,2
O001081,P0031,483.92,2
O001082,P0086,362.57,2
O001083,P0079,393.03,3
O001083,P0188,374.66,2
O001084,P0129,295.88,3
O001084,P0018,414.68,2
O001084,P0019,317.67,2
O001085,P0172,131.7,4
O001086,P0091,349.68,2
O001086,P0029,343.11,3
O001086,P0017,36.59,3
O001087,P0144,239.38,1
O001087,P0113,291.71,4
O001088,P0012,323.71,4
O001088,P0032,166.28,4
O001088,P0145,137.15,4
O001089,P0132,292.63,1
O001089,P0183,161.38,2
O001089,P0108,52.71,1
O001090,P0118,218.89,4
O001091,P0186,189.96,3
O001091,P0011,463.75,3
O001091,P0114,92.5,1
O001092,P0168,161.98,4
O001093,P0138,392.45,3
O001093,P0056,232.16,2
O001094,P0002,430.01,4
O001095,P0159,385.48,3
O001095,P0154,58.74,2
O001095,P0005,487.93,3
O001096,P0190,468.72,3
O001096,P0106,227.43,2
O001096,P0107,139.76,2
O001097,P0035,98.79,2
O001097,P0151,448.6,3
O001098,P0129,295.88,1
O001099,P0183,161.38,2
O001099,P0007,394.1,2
O001099,P0072,427.43,3
O001100,P0180,445.94,4
O001100,P0122,46.8,1
O001101,P0163,23.52,1
O001101,P0018,414.68,2
O001101,P0159,385.48,3
O001102,P0052,394.53,1
O001102,P0169,476.69,3
O001102,P0078,280.73,1
O001103,P0017,36.59,4
O001104,P0063,383.67,2
O001104,P0028,81.37,3
O001104,P0177,496.23,2
O001105,P0190,468.72,2
O001106,P0093,193.61,4
O001107,P0042,351.63,2
O001107,P0067,155.46,3
O001108,P0144,239.38,2
O001108,P0152,74.42,4
O001108,P0106,227.43,2
O001109,P0017,36.59,4
O001109,P0130,89.44,2
O001110,P0092,225.85,3
O001111,P0067,155.46,2
O001112,P0085,49.57,2
O001112,P0123,210.82,3
O001112,P0133,176.7,3
O001113,P0132,292.63,2
O001114,P0062,284.79,1
O001114,P0155,337.76,2
O001115,P0117,361.13,4
O001115,P0069,221.18,1
O001116,P0140,245.9,2
O001116,P0099,481.14,3
O001116,P0128,56.18,3
O001117,P0049,74.18,4
O001118,P0183,161.38,1
O001119,P0005,487.93,3
O001119,P0155,337.76,4
O001119,P0088,84.83,2
O001120,P0109,451.79,1
O001121,P0022,485.5,1
O001121,P0124,25.6,4
O001122,P0117,361.13,4
O001123,P0083,87.65,1
O001124,P0072,427.43,1
O001125,P0052,394.53,2
O001125,P0115,429.02,3
O001126,P0000,388.11,1
O001126,P0139,45.95,1
O001127,P0132,292.63,1
O001128,P0108,52.71,2
O001129,P0029,343.11,2
O001129,P0051,8.64,2
O001130,P0061,238.19,3
O001130,P0179,375.56,2
O001131,P0051,8.64,2
O001132,P0010,188.55,2
O001133,P0164,279.65,2
O001133,P0155,337.76,1
O001133,P0148,222.26,3
O001134,P0045,403.36,1
O001135,P0028,81.37,4
O001136,P0086,362.57,3
O001136,P0132,292.63,3
O001136,P0027,26.68,3
O001137,P0008,68.42,3
O001137,P0103,484.74,4
O001138,P0024,390.3,1
O001138,P0001,222.24,2
O001138,P0144,239.38,4
O001139,P0135,16.29,1
O001139,P0047,147.72,4
O001140,P0135,16.29,3
O001140,P0180,445.94,2
O001141,P0134,297.5,2
O001142,P0166,415.75,4
O001142,P0008,68.42,2
O001143,P0096,184.1,2
O001144,P0149,15.7,2
O001144,P0124,25.6,2
O001144,P0032,166.28,3
O001145,P0003,350.2,2
O001145,P0154,58.74,4
O001146,P0181,447.26,1
O001146,P0010,188.55,2
O001147,P0124,25.6,2
O001147,P0071,207.22,3
O001147,P0168,161.98,3
O001148,P0074,33.86,4
O001148,P0085,49.57,1
O001148,P0187,51.76,3
O001149,P0094,154.25,1
O001149,P0106,227.43,3
O001150,P0185,332.52,2
O001151,P0035,98.79,1
O001152,P0024,390.3,1
O001152,P0192,65.77,2
O001152,P0174,86.48,4
O001153,P0113,291.71,1
O001153,P0097,48.39,2
O001153,P0153,279.25,3
O001154,P0067,155.46,4
O001154,P0045,403.36,3
O001154,P0077,332.65,1
O001155,P0172,131.7,1
O001155,P0016,279.52,1
O001155,P0196,301.69,3
O001156,P0041,417.18,1
O001156,P0137,243.74,1
O001157,P0077,332.65,2
O001157,P0030,373.66,3
O001158,P0184,387.15,3
O001158,P0056,232.16,2
O001159,P0076,150.33,2
O001159,P0024,390.3,3
O001160,P0124,25.6,3
O001160,P0187,51.76,3
O001161,P0155,337.76,4
O001162,P0159,385.48,3
O001162,P0068,20.25,4
O001163,P0169,476.69,3
O001163,P0016,279.52,4
O001163,P0117,361.13,2
O001164,P0151,448.6,2
O001164,P0028,81.37,3
O001164,P0018,414.68,1
O001165,P0120,294.13,1
O001165,P0166,415.75,3
O001165,P0003,350.2,1
O001166,P0072,427.43,4
O001167,P0194,80.88,1
O001167,P0110,230.61,1
O001167,P0148,222.26,4
O001168,P0029,343.11,1
O001168,P0087,233.63,3
O001168,P0005,487.93,2
O001169,P0098,63.41,2
O001169,P0094,154.25,1
O001169,P0034,237.43,2
O001170,P0132,292.63,4
O001170,P0142,469.22,1
O001171,P0085,49.57,3
O001171,P0089,253.02,4
O001171,P0165,188.61,4
O001172,P0172,131.7,1
O001173,P0099,481.14,1
O001173,P0020,380.25,1
O001173,P0106,227.43,2
O001174,P0060,335.86,4
O001174,P0128,56.18,3
O001174,P0107,139.76,1
O001175,P0192,65.77,3
O001175,P0111,105.17,1
O001176,P0069,221.18,1
O001176,P0020,380.25,2
O001177,P0023,447.09,3
O001178,P0036,69.31,1
O001178,P0013,412.27,4
O001178,P0173,468.34,3
O001179,P0138,392.45,4
O001179,P0176,220.37,1
O001179,P0014,224.49,3
O001180,P0027,26.68,1
O001180,P0028,81.37,2
O001181,P0009,227.94,3
O001181,P0167,405.08,2
O001181,P0155,337.76,2
O001182,P0048,342.84,2
O001182,P0102,136.61,1
O001182,P0079,393.03,3
O001183,P0061,238.19,1
O001183,P0097,48.39,2
O001183,P0049,74.18,2
O001184,P0170,149.0,3
O001185,P0129,295.88,1
O001186,P0165,188.61,4
O001187,P0001,222.24,3
O001187,P0100,454.75,2
O001187,P0165,188.61,4
O001188,P0184,387.15,3
O001189,P0167,405.08,3
O001189,P0082,407.94,1
O001189,P0035,98.79,3
O001190,P0031,483.92,4
O001190,P0133,176.7,1
O001191,P0012,323.71,4
O001191,P0172,131.7,2
O001192,P0139,45.95,1
O001192,P0053,334.1,3
O001192,P0041,417.18,3
O001193,P0042,351.63,1
O001194,P0196,301.69,1
O001194,P0033,188.38,2
O001194,P0182,261.83,1
O001195,P0190,468.72,3
O001195,P0173,468.34,4
O001195,P0045,403.36,1
O001196,P0118,218.89,3
O001197,P0087,233.63,4
O001197,P0090,80.39,4
O001198,P0199,158.61,1
O001198,P0117,361.13,2
O001198,P0171,259.95,4
O001199,P0018,414.68,4
O001199,P0099,481.14,3
O001200,P0076,150.33,2
O001201,P0115,429.02,3
O001201,P0123,210.82,1
O001201,P0128,56.18,1
O001202,P0058,74.2,4
O001202,P0017,36.59,4
O001202,P0132,292.63,1
O001203,P0174,86.48,4
O001203,P0048,342.84,3
O001204,P0141,247.9,2
O001204,P0168,161.98,1
O001205,P0045,403.36,3
O001206,P0018,414.68,1
O001207,P0085,49.57,4
O001207,P0027,26.68,3
O001208,P0061,238.19,3
O001208,P0013,412.27,1
O001209,P0028,81.37,1
O001210,P0145,137.15,4
O001210,P0171,259.95,2
O001210,P0010,188.55,2
O001211,P0101,351.36,4
O001212,P0164,279.65,4
O001212,P0057,286.53,2
O001213,P0013,412.27,3
O001213,P0173,468.34,2
O001213,P0158,364.86,4
O001214,P0028,81.37,4
O001214,P0010,188.55,4
O001214,P0071,207.22,1
O001215,P0033,188.38,3
O001216,P0175,27.23,2
O001217,P0086,362.57,2
O001218,P0116,380.47,2
O001218,P0169,476.69,3
O001219,P0086,362.57,2
O001219,P0011,463.75,1
O001220,P0039,336.56,1
O001220,P0118,218.89,2
O001221,P0128,56.18,1
O001221,P0100,454.75,2
O001222,P0019,317.67,4
O001223,P0049,74.18,1
O001223,P0041,417.18,3
O001223,P0038,117.32,3
O001224,P0029,343.11,2
O001224,P0130,89.44,4
O001225,P0075,144.29,1
O001225,P0101,351.36,2
O001226,P0160,58.33,2
O001227,P0150,414.01,1
O001228,P0013,412.27,1
O001228,P0104,390.48,3
O001228,P0120,294.13,3
O001229,P0153,279.25,4
O001229,P0180,445.94,1
O001230,P0186,189.96,1
O001231,P0140,245.9,3
O001231,P0116,380.47,4
O001232,P0064,319.19,1
O001232,P0170,149.0,4
O001233,P0185,332.52,4
O001233,P0150,414.01,2
O001233,P0058,74.2,2
O001234,P0061,238.19,3
O001234,P0027,26.68,1
O001235,P0015,117.48,1
O001235,P0191,124.28,2
O001235,P0053,334.1,2
O001236,P0178,446.38,3
O001236,P0154,58.74,4
O001237,P0124,25.6,1
O001237,P0144,239.38,1
O001237,P0150,414.01,4
O001238,P0007,394.1,1
O001238,P0018,414.68,4
O001239,P0180,445.94,1
O001239,P0146,169.13,4
O001240,P0094,154.25,3
O001240,P0051,8.64,4
O001241,P0043,159.62,2
O001241,P0165,188.61,3
O001242,P0142,469.22,1
O001243,P0105,359.86,1
O001243,P0046,196.8,3
O001243,P0152,74.42,2
O001244,P0150,414.01,3
O001245,P0008,68.42,2
O001245,P0071,207.22,1
O001245,P0197,437.91,1
O001246,P0057,286.53,4
O001247,P0111,105.17,2
O001248,P0162,118.96,2
O001249,P0186,189.96,2
O001249,P0188,374.66,3
O001249,P0011,463.75,1
O001250,P0059,61.69,3
O001251,P0106,227.43,2
O001252,P0106,227.43,1
O001253,P0046,196.8,4
O001253,P0043,159.62,1
O001254,P0069,221.18,3
O001254,P0194,80.88,3
O001254,P0001,222.24,1
O001255,P0179,375.56,1
O001255,P0172,131.7,4
O001255,P0141,247.9,3
O001256,P0133,176.7,1
O001256,P0086,362.57,3
O001257,P0139,45.95,3
O001258,P0190,468.72,2
O001258,P0046,196.8,1
O001258,P0049,74.18,1
O001259,P0047,147.72,1
O001260,P0146,169.13,3
O001261,P0074,33.86,4
O001262,P0026,236.03,4
O001262,P0023,447.09,3
O001262,P0103,484.74,2
O001263,P0035,98.79,1
O001263,P0013,412.27,2
O001263,P0095,316.99,2
O001264,P0007,394.1,3
O001264,P0019,317.67,4
O001264,P0150,414.01,4
O001265,P0169,476.69,4
O001265,P0084,16.24,1
O001266,P0064,319.19,1
O001266,P0056,232.16,4
O001266,P0189,134.92,2
O001267,P0158,364.86,1
O001267,P0020,380.25,2
O001267,P0088,84.83,4
O001268,P0055,391.46,2
O001269,P0035,98.79,2
O001270,P0148,222.26,3
O001270,P0128,56.18,2
O001271,P0044,416.97,1
O001272,P0026,236.03,4
O001272,P0153,279.25,1
O001272,P0122,46.8,1
O001273,P0158,364.86,4
O001274,P0031,483.92,4
O001274,P0023,447.09,2
O001274,P0028,81.37,3
O001275,P0157,331.41,3
O001276,P0148,222.26,2
O001276,P0136,479.49,3
O001277,P0169,476.69,2
O001277,P0084,16.24,1
O001278,P0167,405.08,4
O001279,P0012,323.71,2
O001280,P0169,476.69,2
O001280,P0172,131.7,2
O001280,P0140,245.9,3
O001281,P0104,390.48,3
O001281,P0135,16.29,1
O001282,P0099,481.14,2
O001282,P0182,261.83,3
O001283,P0114,92.5,1
O001284,P0064,319.19,3
O001284,P0099,481.14,4
O001284,P0113,291.71,2
O001285,P0122,46.8,2
O001285,P0051,8.64,3
O001285,P0187,51.76,1
O001286,P0077,332.65,2
O001286,P0180,445.94,4
O001286,P0042,351.63,2
O001287,P0051,8.64,2
O001287,P0086,362.57,1
O001287,P0094,154.25,1
O001288,P0077,332.65,1
O001288,P0181,447.26,2
O001288,P0101,351.36,3
O001289,P0019,317.67,1
O001290,P0006,381.76,3
O001290,P0186,189.96,3
O001291,P0043,159.62,1
O001291,P0016,279.52,2
O001291,P0008,68.42,1
O001292,P0081,206.16,3
O001292,P0182,261.83,1
O001292,P0186,189.96,3
O001293,P0061,238.19,2
O001294,P0039,336.56,3
O001294,P0138,392.45,4
O001294,P0143,288.01,3
O001295,P0160,58.33,3
O001295,P0118,218.89,1
O001295,P0060,335.86,1
O001296,P0188,374.66,1
O001296,P0192,65.77,2
O001296,P0021,180.49,1
O001297,P0168,161.98,3
O001298,P0154,58.74,2
O001299,P0000,388.11,1
O001299,P0000,388.11,1
O001299,P0017,36.59,2
O001300,P0070,111.22,2
O001300,P0199,158.61,3
O001300,P0145,137.15,1
O001301,P0106,227.43,1
O001301,P0116,380.47,3
O001301,P0133,176.7,1
O001302,P0118,218.89,2
O001302,P0157,331.41,1
O001302,P0046,196.8,2
O001303,P0008,68.42,1
O001304,P0024,390.3,2
O001304,P0071,207.22,2
O001305,P0022,485.5,1
O001305,P0034,237.43,2
O001305,P0048,342.84,1
O001306,P0154,58.74,2
O001306,P0074,33.86,1
O001307,P0054,354.06,4
O001308,P0042,351.63,4
O001309,P0130,89.44,2
O001309,P0143,288.01,2
O001309,P0100,454.75,4
O001310,P0044,416.97,1
O001310,P0017,36.59,4
O001310,P0189,134.92,4
O001311,P0146,169.13,1
O001312,P0178,446.38,1
O001312,P0154,58.74,3
O001312,P0186,189.96,1
O001313,P0027,26.68,1
O001313,P0105,359.86,1
O001313,P0107,139.76,1
O001314,P0040,221.39,3
O001315,P0025,101.35,4
O001316,P0096,184.1,2
O001316,P0040,221.39,4
O001317,P0012,323.71,3
O001317,P0005,487.93,1
O001318,P0156,144.21,3
O001318,P0133,176.7,4
O001318,P0091,349.68,2
O001319,P0165,188.61,2
O001319,P0169,476.69,1
O001319,P0177,496.23,1
O001320,P0068,20.25,3
O001320,P0072,427.43,2
O001320,P0063,383.67,3
O001321,P0049,74.18,1
O001322,P0062,284.79,3
O001322,P0188,374.66,4
O001323,P0146,169.13,2
O001323,P0140,245.9,4
O001323,P0044,416.97,2
O001324,P0129,295.88,1
O001324,P0170,149.0,1
O001324,P0188,374.66,1
O001325,P0154,58.74,1
O001325,P0075,144.29,4
O001325,P0154,58.74,3
O001326,P0129,295.88,4
O001327,P0175,27.23,1
O001328,P0029,343.11,2
O001328,P0190,468.72,2
O001329,P0086,362.57,3
O001330,P0049,74.18,1
O001331,P0167,405.08,2
O001331,P0019,317.67,3
O001332,P0190,468.72,3
O001333,P0007,394.1,2
O001333,P0187,51.76,2
O001333,P0054,354.06,3
O001334,P0068,20.25,1
O001334,P0073,120.8,3
O001335,P0000,388.11,3
O001336,P0113,291.71,3
O001336,P0012,323.71,4
O001336,P0154,58.74,2
O001337,P0137,243.74,4
O001337,P0068,20.25,4
O001337,P0009,227.94,3
O001338,P0180,445.94,3
O001338,P0187,51.76,4
O001339,P0139,45.95,2
O001339,P0113,291.71,1
O001339,P0016,279.52,1
O001340,P0022,485.5,1
O001341,P0199,158.61,1
O001342,P0183,161.38,1
O001342,P0010,188.55,3
O001342,P0027,26.68,2
O001343,P0080,333.84,3
O001344,P0059,61.69,4
O001344,P0067,155.46,4
O001344,P0073,120.8,3
O001345,P0051,8.64,1
O001345,P0055,391.46,4
O001345,P0198,102.24,3
O001346,P0028,81.37,2
O001347,P0146,169.13,1
O001347,P0192,65.77,4
O001348,P0018,414.68,1
O001349,P0026,236.03,4
O001350,P0088,84.83,3
O001351,P0055,391.46,1
O001351,P0140,245.9,4
O001351,P0060,335.86,2
O001352,P0164,279.65,1
O001352,P0075,144.29,1
O001352,P0197,437.91,4
O001353,P0197,437.91,4
O001353,P0001,222.24,3
O001353,P0034,237.43,2
O001354,P0095,316.99,2
O001355,P0151,448.6,2
O001355,P0049,74.18,2
O001356,P0127,76.54,2
O001357,P0073,120.8,1
O001358,P0177,496.23,3
O001359,P0190,468.72,1
O001359,P0090,80.39,3
O001360,P0091,349.68,1
O001361,P0166,415.75,2
O001362,P0118,218.89,1
O001362,P0148,222.26,2
O001362,P0123,210.82,1
O001363,P0071,207.22,3
O001363,P0110,230.61,2
O001364,P0172,131.7,4
O001364,P0187,51.76,4
O001365,P0136,479.49,3
O001365,P0101,351.36,4
O001366,P0090,80.39,2
O001366,P0133,176.7,1
O001366,P0140,245.9,1
O001367,P0181,447.26,3
O001367,P0061,238.19,2
O001367,P0142,469.22,2
O001368,P0082,407.94,4
O001369,P0021,180.49,4
O001369,P0128,56.18,2
O001370,P0091,349.68,1
O001370,P0111,105.17,4
O001371,P0151,448.6,3
O001371,P0048,342.84,2
O001372,P0167,405.08,4
O001373,P0033,188.38,3
O001373,P0091,349.68,1
O001374,P0013,412.27,4
O001375,P0001,222.24,1
O001376,P0125,249.53,2
O001376,P0125,249.53,2
O001376,P0163,23.52,3
O001377,P0110,230.61,1
O001378,P0009,227.94,1
O001379,P0112,156.45,3
O001380,P0032,166.28,1
O001381,P0008,68.42,2
O001382,P0195,93.74,2
O001382,P0191,124.28,1
O001382,P0116,380.47,1
O001383,P0189,134.92,1
O001383,P0044,416.97,4
O001384,P0137,243.74,2
O001384,P0037,240.47,4
O001384,P0137,243.74,2
O001385,P0125,249.53,4
O001386,P0040,221.39,2
O001386,P0136,479.49,3
O001386,P0016,279.52,1
O001387,P0193,416.4,3
O001387,P0077,332.65,3
O001388,P0163,23.52,3
O001388,P0189,134.92,3
O001389,P0026,236.03,1
O001389,P0189,134.92,2
O001389,P0181,447.26,2
O001390,P0192,65.77,1
O001390,P0155,337.76,2
O001391,P0199,158.61,1
O001391,P0015,117.48,3
O001391,P0034,237.43,3
O001392,P0072,427.43,1
O001392,P0002,430.01,1
O001393,P0035,98.79,1
O001394,P0125,249.53,1
O001395,P0132,292.63,4
O001396,P0074,33.86,1
O001396,P0038,117.32,3
O001397,P0045,403.36,2
O001398,P0175,27.23,1
O001399,P0037,240.47,2
O001400,P0180,445.94,2
O001400,P0146,169.13,3
O001401,P0068,20.25,3
O001401,P0014,224.49,3
O001401,P0027,26.68,3
O001402,P0064,319.19,1
O001402,P0065,279.02,2
O001403,P0076,150.33,4
O001404,P0133,176.7,4
O001404,P0130,89.44,4
O001405,P0174,86.48,4
O001405,P0182,261.83,2
O001406,P0068,20.25,1
O001407,P0148,222.26,4
O001408,P0077,332.65,2
O001408,P0192,65.77,2
O001409,P0029,343.11,4
O001410,P0022,485.5,1
O001410,P0152,74.42,3
O001410,P0056,232.16,2
O001411,P0140,245.9,4
O001412,P0067,155.46,1
O001413,P0191,124.28,2
O001414,P0183,161.38,2
O001414,P0035,98.79,1
O001415,P0014,224.49,4
O001416,P0086,362.57,4
O001416,P0037,240.47,3
O001416,P0104,390.48,3
O001417,P0002,430.01,3
O001417,P0028,81.37,2
O001417,P0156,144.21,2
O001418,P0115,429.02,1
O001418,P0165,188.61,1
O001419,P0069,221.18,4
O001419,P0077,332.65,1
O001419,P0058,74.2,1
O001420,P0023,447.09,4
O001421,P0186,189.96,2
O001422,P0131,462.93,4
O001423,P0176,220.37,4
O001423,P0174,86.48,3
O001424,P0041,417.18,4
O001425,P0024,390.3,3
O001425,P0081,206.16,1
O001426,P0054,354.06,4
O001426,P0171,259.95,2
O001426,P0196,301.69,1
O001427,P0064,319.19,4
O001427,P0131,462.93,3
O001427,P0095,316.99,3
O001428,P0048,342.84,1
O001429,P0023,447.09,2
O001429,P0120,294.13,2
O001429,P0021,180.49,3
O001430,P0111,105.17,1
O001431,P0177,496.23,2
O001432,P0104,390.48,1
O001432,P0188,374.66,2
O001433,P0136,479.49,3
O001433,P0157,331.41,3
O001434,P0060,335.86,4
O001434,P0020,380.25,2
O001434,P0090,80.39,4
O001435,P0192,65.77,1
O001435,P0104,390.48,2
O001436,P0184,387.15,4
O001436,P0089,253.02,2
O001436,P0126,168.28,1
O001437,P0194,80.88,1
O001438,P0006,381.76,3
O001438,P0179,375.56,2
O001438,P0063,383.67,3
O001439,P0080,333.84,4
O001439,P0003,350.2,1
O001439,P0170,149.0,3
O001440,P0055,391.46,4
O001440,P0060,335.86,2
O001440,P0064,319.19,2
O001441,P0166,415.75,1
O001441,P0143,288.01,3
O001441,P0064,319.19,1
O001442,P0158,364.86,1
O001442,P0092,225.85,1
O001442,P0090,80.39,2
O001443,P0079,393.03,2
O001444,P0193,416.4,2
O001445,P0156,144.21,3
O001445,P0170,149.0,4
O001446,P0031,483.92,3
O001446,P0132,292.63,3
O001447,P0077,332.65,3
O001448,P0126,168.28,2
O001448,P0147,262.73,1
O001448,P0066,281.81,2
O001449,P0105,359.86,3
O001450,P0041,417.18,3
O001450,P0064,319.19,1
O001450,P0010,188.55,2
O001451,P0010,188.55,2
O001451,P0023,447.09,3
O001451,P0099,481.14,3
O001452,P0027,26.68,3
O001453,P0189,134.92,1
O001453,P0124,25.6,2
O001454,P0101,351.36,1
O001454,P0192,65.77,4
O001455,P0121,326.67,1
O001455,P0120,294.13,4
O001456,P0112,156.45,1
O001456,P0184,387.15,1
O001456,P0159,385.48,2
O001457,P0151,448.6,3
O001457,P0032,166.28,2
O001458,P0074,33.86,1
O001458,P0144,239.38,3
O001459,P0003,350.2,3
O001459,P0142,469.22,2
O001459,P0090,80.39,2
O001460,P0164,279.65,1
O001460,P0137,243.74,2
O001460,P0199,158.61,1
O001461,P0181,447.26,2
O001461,P0171,259.95,4
O001461,P0021,180.49,3
O001462,P0069,221.18,3
O001462,P0044,416.97,1
O001463,P0151,448.6,3
O001463,P0160,58.33,4
O001464,P0065,279.02,4
O001464,P0149,15.7,4
O001465,P0073,120.8,2
O001465,P0014,224.49,1
O001466,P0153,279.25,4
O001467,P0063,383.67,2
O001468,P0166,415.75,1
O001468,P0052,394.53,4
O001468,P0114,92.5,3
O001469,P0196,301.69,1
O001470,P0071,207.22,4
O001470,P0166,415.75,4
O001470,P0160,58.33,4
O001471,P0136,479.49,3
O001472,P0056,232.16,1
O001473,P0132,292.63,2
O001473,P0159,385.48,3
O001473,P0134,297.5,4
O001474,P0164,279.65,3
O001475,P0020,380.25,2
O001475,P0187,51.76,3
O001475,P0064,319.19,2
O001476,P0152,74.42,1
O001476,P0102,136.61,4
O001476,P0029,343.11,4
O001477,P0193,416.4,2
O001477,P0109,451.79,3
O001477,P0172,131.7,2
O001478,P0056,232.16,4
O001479,P0065,279.02,3
O001479,P0171,259.95,1
O001480,P0152,74.42,3
O001480,P0102,136.61,4
O001480,P0074,33.86,1
O001481,P0121,326.67,3
O001481,P0175,27.23,3
O001482,P0185,332.52,2
O001483,P0127,76.54,3
O001484,P0014,224.49,2
O001485,P0103,484.74,1
O001485,P0165,188.61,4
O001486,P0084,16.24,1
O001486,P0116,380.47,1
O001486,P0129,295.88,4
O001487,P0053,334.1,4
O001488,P0131,462.93,2
O001488,P0134,297.5,2
O001489,P0102,136.61,1
O001489,P0182,261.83,2
O001490,P0171,259.95,1
O001490,P0020,380.25,2
O001491,P0009,227.94,3
O001491,P0062,284.79,1
O001492,P0033,188.38,4
O001492,P0122,46.8,3
O001492,P0027,26.68,4
O001493,P0048,342.84,4
O001493,P0010,188.55,3
O001494,P0067,155.46,1
O001494,P0085,49.57,3
O001495,P0168,161.98,4
O001495,P0107,139.76,2
O001495,P0061,238.19,1
O001496,P0165,188.61,1
O001496,P0065,279.02,1
O001496,P0138,392.45,3
O001497,P0084,16.24,2
O001497,P0121,326.67,2
O001497,P0110,230.61,2
O001498,P0154,58.74,1
O001498,P0142,469.22,3
O001499,P0090,80.39,2
O001499,P0078,280.73,2
O001500,P0101,351.36,1
O001500,P0019,317.67,1
O001500,P0066,281.81,1
O001501,P0059,61.69,2
O001501,P0179,375.56,1
O001501,P0023,447.09,4
O001502,P0121,326.67,2
O001503,P0151,448.6,3
O001504,P0017,36.59,4
O001504,P0156,144.21,2
O001504,P0003,350.2,2
O001505,P0136,479.49,4
O001505,P0150,414.01,1
O001505,P0175,27.23,3
O001506,P0116,380.47,3
O001506,P0067,155.46,3
O001506,P0010,188.55,1
O001507,P0143,288.01,1
O001508,P0199,158.61,4
O001509,P0134,297.5,4
O001509,P0159,385.48,2
O001510,P0044,416.97,1
O001510,P0000,388.11,4
O001510,P0194,80.88,1
O001511,P0006,381.76,1
O001512,P0022,485.5,2
O001512,P0053,334.1,2
O001512,P0083,87.65,2
O001513,P0000,388.11,2
O001513,P0199,158.61,1
O001513,P0040,221.39,2
O001514,P0028,81.37,3
O001515,P0103,484.74,1
O001515,P0059,61.69,4
O001515,P0032,166.28,1
O001516,P0147,262.73,2
O001516,P0145,137.15,2
O001517,P0006,381.76,2
O001517,P0096,184.1,4
O001518,P0088,84.83,4
O001518,P0077,332.65,2
O001518,P0056,232.16,3
O001519,P0124,25.6,4
O001519,P0015,117.48,3
O001520,P0146,169.13,2
O001520,P0014,224.49,2
O001521,P0070,111.22,3
O001521,P0005,487.93,2
O001522,P0031,483.92,4
O001522,P0086,362.57,2
O001522,P0187,51.76,4
O001523,P0171,259.95,4
O001524,P0087,233.63,3
O001525,P0190,468.72,2
O001526,P0003,350.2,3
O001526,P0172,131.7,1
O001527,P0199,158.61,4
O001527,P0135,16.29,3
O001527,P0033,188.38,3
O001528,P0161,458.43,1
O001528,P0015,117.48,3
O001528,P0090,80.39,1
O001529,P0069,221.18,2
O001529,P0024,390.3,3
O001529,P0063,383.67,4
O001530,P0164,279.65,3
O001531,P0024,390.3,2
O001531,P0073,120.8,3
O001532,P0079,393.03,1
O001532,P0110,230.61,4
O001532,P0035,98.79,4
O001533,P0147,262.73,3
O001533,P0032,166.28,2
O001534,P0114,92.5,3
O001535,P0162,118.96,1
O001535,P0040,221.39,3
O001535,P0173,468.34,3
O001536,P0091,349.68,2
O001536,P0131,462.93,2
O001536,P0091,349.68,2
O001537,P0170,149.0,4
O001537,P0183,161.38,2
O001537,P0194,80.88,4
O001538,P0114,92.5,2
O001538,P0100,454.75,1
O001539,P0036,69.31,3
O001539,P0127,76.54,4
O001540,P0019,317.67,1
O001540,P0097,48.39,3
O001540,P0128,56.18,3
O001541,P0032,166.28,2
O001541,P0133,176.7,4
O001542,P0063,383.67,3
O001542,P0127,76.54,2
O001543,P0169,476.69,3
O001544,P0039,336.56,3
O001544,P0001,222.24,3
O001544,P0141,247.9,1
O001545,P0042,351.63,1
O001545,P0042,351.63,4
O001545,P0137,243.74,2
O001546,P0008,68.42,4
O001546,P0063,383.67,4
O001546,P0168,161.98,4
O001547,P0134,297.5,4
O001547,P0146,169.13,1
O001548,P0076,150.33,3
O001549,P0169,476.69,4
O001549,P0178,446.38,3
O001549,P0174,86.48,3
O001550,P0176,220.37,4
O001550,P0066,281.81,4
O001551,P0139,45.95,3
O001552,P0073,120.8,4
O001552,P0169,476.69,3
O001553,P0103,484.74,2
O001553,P0040,221.39,3
O001553,P0059,61.69,1
O001554,P0054,354.06,1
O001554,P0030,373.66,2
O001554,P0007,394.1,4
O001555,P0093,193.61,2
O001555,P0150,414.01,2
O001555,P0049,74.18,1
O001556,P0135,16.29,1
O001556,P0169,476.69,1
O001556,P0157,331.41,2
O001557,P0000,388.11,1
O001558,P0167,405.08,3
O001558,P0162,118.96,2
O001559,P0099,481.14,3
O001559,P0041,417.18,1
O001559,P0100,454.75,3
O001560,P0170,149.0,4
O001560,P0191,124.28,1
O001561,P0023,447.09,2
O001562,P0111,105.17,4
O001562,P0018,414.68,3
O001563,P0045,403.36,3
O001563,P0090,80.39,4
O001564,P0094,154.25,1
O001564,P0012,323.71,1
O001565,P0131,462.93,3
O001566,P0162,118.96,2
O001566,P0088,84.83,2
O001567,P0073,120.8,4
O001567,P0145,137.15,1
O001567,P0000,388.11,1
O001568,P0071,207.22,4
O001569,P0019,317.67,4
O001569,P0151,448.6,3
O001570,P0021,180.49,2
O001570,P0009,227.94,2
O001571,P0078,280.73,3
O001572,P0036,69.31,2
O001573,P0021,180.49,4
O001574,P0180,445.94,2
O001574,P0077,332.65,3
O001574,P0059,61.69,4
O001575,P0163,23.52,3
O001575,P0171,259.95,2
O001576,P0092,225.85,3
O001576,P0142,469.22,3
O001577,P0106,227.43,3
O001577,P0038,117.32,1
O001578,P0082,407.94,4
O001578,P0179,375.56,1
O001578,P0046,196.8,2
O001579,P0016,279.52,2
O001579,P0050,103.95,4
O001579,P0012,323.71,4
O001580,P0010,188.55,1
O001580,P0199,158.61,2
O001580,P0197,437.91,3
O001581,P0148,222.26,1
O001581,P0077,332.65,2
O001581,P0028,81.37,1
O001582,P0061,238.19,4
O001582,P0016,279.52,1
O001582,P0172,131.7,1
O001583,P0187,51.76,4
O001584,P0011,463.75,2
O001584,P0126,168.28,2
O001585,P0091,349.68,2
O001585,P0123,210.82,1
O001586,P0068,20.25,2
O001586,P0177,496.23,2
O001586,P0110,230.61,3
O001587,P0170,149.0,1
O001587,P0028,81.37,1
O001587,P0151,448.6,1
O001588,P0085,49.57,3
O001588,P0012,323.71,4
O001588,P0089,253.02,3
O001589,P0080,333.84,3
O001589,P0127,76.54,3
O001590,P0004,51.62,4
O001590,P0045,403.36,4
O001591,P0007,394.1,4
O001591,P0061,238.19,2
O001591,P0097,48.39,1
O001592,P0021,180.49,3
O001592,P0004,51.62,4
O001593,P0074,33.86,2
O001593,P0127,76.54,2
O001594,P0137,243.74,1
O001594,P0174,86.48,2
O001594,P0167,405.08,1
O001595,P0139,45.95,2
O001595,P0125,249.53,1
O001595,P0002,430.01,2
O001596,P0128,56.18,2
O001597,P0095,316.99,3
O001597,P0015,117.48,4
O001597,P0061,238.19,3
O001598,P0048,342.84,2
O001598,P0085,49.57,4
O001598,P0026,236.03,1
O001599,P0116,380.47,3
O001599,P0103,484.74,2
O001600,P0135,16.29,1
O001601,P0039,336.56,3
O001602,P0173,468.34,1
O001602,P0175,27.23,2
O001602,P0102,136.61,4
O001603,P0080,333.84,1
O001603,P0113,291.71,3
O001603,P0122,46.8,1
O001604,P0110,230.61,1
O001605,P0013,412.27,1
O001605,P0127,76.54,2
O001606,P0186,189.96,2
O001607,P0129,295.88,2
O001607,P0125,249.53,2
O001608,P0061,238.19,3
O001608,P0041,417.18,1
O001609,P0179,375.56,4
O001609,P0175,27.23,3
O001609,P0138,392.45,3
O001610,P0035,98.79,2
O001610,P0026,236.03,2
O001610,P0101,351.36,2
O001611,P0180,445.94,4
O001612,P0168,161.98,2
O001613,P0106,227.43,3
O001613,P0150,414.01,3
O001613,P0172,131.7,1
O001614,P0092,225.85,3
O001615,P0098,63.41,1
O001615,P0028,81.37,4
O001616,P0015,117.48,3
O001616,P0137,243.74,2
O001617,P0032,166.28,4
O001617,P0081,206.16,4
O001618,P0136,479.49,3
O001619,P0157,331.41,3
O001619,P0044,416.97,1
O001619,P0146,169.13,1
O001620,P0091,349.68,1
O001621,P0102,136.61,4
O001621,P0136,479.49,3
O001621,P0080,333.84,3
O001622,P0026,236.03,2
O001622,P0018,414.68,2
O001622,P0073,120.8,3
O001623,P0087,233.63,1
O001624,P0060,335.86,4
O001624,P0109,451.79,1
O001625,P0163,23.52,2
O001626,P0078,280.73,3
O001626,P0099,481.14,3
O001626,P0155,337.76,3
O001627,P0151,448.6,3
O001628,P0164,279.65,1
O001629,P0100,454.75,3
O001629,P0080,333.84,1
O001629,P0030,373.66,2
O001630,P0133,176.7,3
O001631,P0048,342.84,2
O001631,P0142,469.22,2
O001631,P0111,105.17,1
O001632,P0042,351.63,2
O001632,P0108,52.71,1
O001633,P0076,150.33,4
O001633,P0197,437.91,4
O001634,P0193,416.4,4
O001635,P0043,159.62,4
O001636,P0142,469.22,3
O001637,P0169,476.69,4
O001638,P0138,392.45,4
O001639,P0143,288.01,3
O001640,P0015,117.48,4
O001641,P0153,279.25,3
O001641,P0097,48.39,4
O001642,P0026,236.03,1
O001642,P0192,65.77,1
O001643,P0165,188.61,4
O001644,P0098,63.41,2
O001644,P0073,120.8,4
O001644,P0190,468.72,1
O001645,P0196,301.69,2
O001645,P0038,117.32,1
O001645,P0037,240.47,2
O001646,P0121,326.67,2
O001646,P0125,249.53,1
O001647,P0192,65.77,1
O001647,P0123,210.82,4
O001648,P0001,222.24,1
O001648,P0153,279.25,3
O001649,P0167,405.08,2
O001649,P0064,319.19,4
O001649,P0077,332.65,3
O001650,P0188,374.66,2
O001650,P0060,335.86,1
O001650,P0117,361.13,2
O001651,P0012,323.71,4
O001651,P0155,337.76,4
O001651,P0158,364.86,4
O001652,P0165,188.61,2
O001652,P0004,51.62,4
O001653,P0173,468.34,2
O001653,P0149,15.7,2
O001654,P0123,210.82,1
O001654,P0197,437.91,1
O001654,P0162,118.96,3
O001655,P0191,124.28,1
O001656,P0035,98.79,2
O001656,P0070,111.22,3
O001656,P0090,80.39,2
O001657,P0110,230.61,1
O001658,P0020,380.25,1
O001658,P0004,51.62,3
O001658,P0166,415.75,2
O001659,P0111,105.17,4
O001659,P0094,154.25,3
O001660,P0014,224.49,2
O001660,P0134,297.5,2
O001661,P0105,359.86,1
O001661,P0081,206.16,1
O001661,P0144,239.38,3
O001662,P0189,134.92,1
O001662,P0086,362.57,4
O001663,P0190,468.72,1
O001663,P0177,496.23,4
O001664,P0031,483.92,2
O001664,P0086,362.57,2
O001664,P0059,61.69,2
O001665,P0104,390.48,1
O001665,P0104,390.48,2
O001666,P0054,354.06,1
O001667,P0134,297.5,3
O001667,P0157,331.41,4
O001668,P0004,51.62,1
O001669,P0094,154.25,3
O001669,P0153,279.25,4
O001670,P0136,479.49,3
O001670,P0122,46.8,1
O001670,P0136,479.49,1
O001671,P0020,380.25,3
O001672,P0112,156.45,1
O001673,P0149,15.7,4
O001673,P0028,81.37,2
O001673,P0143,288.01,4
O001674,P0148,222.26,3
O001674,P0106,227.43,4
O001674,P0070,111.22,1
O001675,P0030,373.66,4
O001675,P0031,483.92,4
O001675,P0112,156.45,3
O001676,P0062,284.79,4
O001676,P0019,317.67,4
O001676,P0172,131.7,4
O001677,P0048,342.84,2
O001677,P0091,349.68,3
O001677,P0112,156.45,2
O001678,P0191,124.28,4
O001678,P0005,487.93,4
O001678,P0024,390.3,3
O001679,P0173,468.34,1
O001679,P0169,476.69,3
O001680,P0140,245.9,3
O001680,P0070,111.22,3
O001681,P0089,253.02,1
O001681,P0101,351.36,2
O001681,P0133,176.7,3
O001682,P0102,136.61,4
O001682,P0069,221.18,4
O001682,P0012,323.71,4
O001683,P0074,33.86,3
O001683,P0022,485.5,1
O001683,P0110,230.61,3
O001684,P0041,417.18,1
O001684,P0128,56.18,4
O001684,P0168,161.98,3
O001685,P0007,394.1,1
O001685,P0175,27.23,4
O001685,P0119,315.52,2
O001686,P0149,15.7,3
O001686,P0012,323.71,3
O001687,P0075,144.29,1
O001687,P0102,136.61,3
O001687,P0033,188.38,4
O001688,P0062,284.79,2
O001689,P0161,458.43,3
O001689,P0002,430.01,4
O001690,P0091,349.68,4
O001690,P0144,239.38,2
O001690,P0084,16.24,3
O001691,P0111,105.17,2
O001692,P0086,362.57,1
O001693,P0087,233.63,4
O001693,P0176,220.37,3
O001693,P0093,193.61,1
O001694,P0034,237.43,1
O001695,P0113,291.71,1
O001695,P0137,243.74,2
O001695,P0179,375.56,4
O001696,P0123,210.82,4
O001696,P0135,16.29,2
O001696,P0171,259.95,3
O001697,P0161,458.43,4
O001698,P0083,87.65,3
O001699,P0145,137.15,4
O001699,P0000,388.11,2
O001700,P0137,243.74,4
O001701,P0081,206.16,2
O001701,P0170,149.0,2
O001702,P0097,48.39,2
O001702,P0158,364.86,2
O001703,P0095,316.99,2
O001704,P0020,380.25,4
O001705,P0197,437.91,1
O001706,P0135,16.29,4
O001707,P0012,323.71,2
O001707,P0188,374.66,2
O001708,P0109,451.79,2
O001709,P0167,405.08,4
O001710,P0018,414.68,2
O001711,P0125,249.53,4
O001711,P0009,227.94,3
O001711,P0053,334.1,1
O001712,P0170,149.0,1
O001712,P0096,184.1,3
O001713,P0084,16.24,3
O001714,P0196,301.69,4
O001714,P0123,210.82,2
O001715,P0064,319.19,2
O001715,P0097,48.39,3
O001715,P0034,237.43,3
O001716,P0029,343.11,2
O001716,P0123,210.82,4
O001716,P0019,317.67,2
O001717,P0123,210.82,2
O001717,P0180,445.94,3
O001718,P0005,487.93,1
O001718,P0160,58.33,4
O001719,P0101,351.36,1
O001719,P0120,294.13,4
O001719,P0189,134.92,3
O001720,P0100,454.75,2
O001721,P0160,58.33,2
O001721,P0126,168.28,4
O001721,P0053,334.1,2
O001722,P0042,351.63,2
O001723,P0030,373.66,3
O001723,P0124,25.6,4
O001724,P0062,284.79,4
O001725,P0054,354.06,1
O001725,P0136,479.49,4
O001726,P0103,484.74,3
O001726,P0058,74.2,3
O001727,P0186,189.96,1
O001728,P0114,92.5,2
O001728,P0029,343.11,1
O001728,P0001,222.24,1
O001729,P0072,427.43,1
O001729,P0086,362.57,1
O001729,P0069,221.18,3
O001730,P0142,469.22,3
O001731,P0016,279.52,3
O001731,P0131,462.93,2
O001732,P0050,103.95,3
O001732,P0132,292.63,2
O001732,P0021,180.49,1
O001733,P0178,446.38,1
O001734,P0067,155.46,2
O001735,P0138,392.45,1
O001736,P0104,390.48,3
O001737,P0153,279.25,2
O001738,P0096,184.1,1
O001739,P0104,390.48,2
O001740,P0153,279.25,4
O001740,P0032,166.28,3
O001741,P0168,161.98,4
O001741,P0125,249.53,2
O001742,P0069,221.18,4
O001742,P0087,233.63,3
O001742,P0119,315.52,4
O001743,P0041,417.18,4
O001744,P0085,49.57,1
O001744,P0166,415.75,1
O001745,P0190,468.72,2
O001745,P0033,188.38,2
O001745,P0141,247.9,2
O001746,P0159,385.48,2
O001746,P0137,243.74,1
O001746,P0189,134.92,2
O001747,P0010,188.55,3
O001748,P0028,81.37,4
O001748,P0159,385.48,3
O001748,P0083,87.65,4
O001749,P0170,149.0,3
O001749,P0043,159.62,1
O001750,P0108,52.71,3
O001750,P0067,155.46,1
O001751,P0049,74.18,3
O001751,P0197,437.91,2
O001752,P0150,414.01,2
O001752,P0155,337.76,2
O001753,P0008,68.42,2
O001754,P0154,58.74,4
O001754,P0064,319.19,3
O001754,P0038,117.32,3
O001755,P0181,447.26,2
O001755,P0094,154.25,2
O001756,P0182,261.83,4
O001756,P0095,316.99,2
O001757,P0084,16.24,2
O001757,P0072,427.43,2
O001758,P0150,414.01,1
O001759,P0143,288.01,3
O001759,P0134,297.5,3
O001760,P0074,33.86,1
O001760,P0098,63.41,4
O001760,P0199,158.61,4
O001761,P0193,416.4,2
O001761,P0157,331.41,2
O001762,P0032,166.28,4
O001762,P0135,16.29,3
O001762,P0024,390.3,3
O001763,P0145,137.15,1
O001763,P0196,301.69,3
O001764,P0057,286.53,4
O001765,P0148,222.26,3
O001765,P0103,484.74,2
O001765,P0075,144.29,3
O001766,P0031,483.92,3
O001766,P0095,316.99,3
O001767,P0060,335.86,1
O001768,P0154,58.74,3
O001769,P0164,279.65,3
O001769,P0071,207.22,2
O001770,P0035,98.79,2
O001770,P0092,225.85,4
O001770,P0007,394.1,2
O001771,P0147,262.73,3
O001771,P0180,445.94,2
O001772,P0007,394.1,2
O001773,P0131,462.93,1
O001773,P0132,292.63,2
O001773,P0148,222.26,3
O001774,P0113,291.71,2
O001774,P0126,168.28,1
O001774,P0160,58.33,1
O001775,P0148,222.26,4
O001775,P0048,342.84,1
O001776,P0085,49.57,3
O001776,P0193,416.4,1
O001776,P0159,385.48,2
O001777,P0074,33.86,4
O001778,P0145,137.15,2
O001778,P0182,261.83,2
O001779,P0105,359.86,1
O001779,P0156,144.21,2
O001780,P0074,33.86,3
O001781,P0002,430.01,2
O001781,P0024,390.3,1
O001781,P0063,383.67,2
O001782,P0116,380.47,1
O001782,P0164,279.65,1
O001782,P0020,380.25,1
O001783,P0137,243.74,1
O001783,P0022,485.5,3
O001783,P0183,161.38,4
O001784,P0076,150.33,2
O001784,P0130,89.44,1
O001785,P0110,230.61,1
O001786,P0121,326.67,1
O001786,P0081,206.16,1
O001786,P0024,390.3,4
O001787,P0135,16.29,2
O001787,P0152,74.42,3
O001788,P0016,279.52,4
O001788,P0162,118.96,2
O001789,P0163,23.52,4
O001789,P0116,380.47,2
O001789,P0046,196.8,2
O001790,P0171,259.95,1
O001790,P0131,462.93,1
O001790,P0136,479.49,3
O001791,P0125,249.53,1
O001791,P0033,188.38,4
O001791,P0066,281.81,4
O001792,P0177,496.23,2
O001792,P0135,16.29,2
O001792,P0085,49.57,3
O001793,P0198,102.24,4
O001794,P0140,245.9,2
O001794,P0040,221.39,3
O001795,P0117,361.13,3
O001795,P0178,446.38,4
O001795,P0040,221.39,4
O001796,P0041,417.18,3
O001796,P0191,124.28,3
O001796,P0124,25.6,2
O001797,P0127,76.54,2
O001798,P0089,253.02,1
O001798,P0104,390.48,3
O001798,P0010,188.55,1
O001799,P0016,279.52,1
O001799,P0058,74.2,3
O001800,P0087,233.63,4
O001800,P0026,236.03,3
O001800,P0056,232.16,1
O001801,P0154,58.74,1
O001801,P0093,193.61,2
O001802,P0176,220.37,3
O001802,P0101,351.36,1
O001803,P0091,349.68,2
O001803,P0071,207.22,4
O001803,P0122,46.8,3
O001804,P0158,364.86,3
O001804,P0121,326.67,4
O001805,P0163,23.52,3
O001806,P0086,362.57,2
O001807,P0168,161.98,4
O001807,P0066,281.81,2
O001807,P0128,56.18,2
O001808,P0044,416.97,2
O001808,P0087,233.63,1
O001809,P0198,102.24,2
O001810,P0099,481.14,4
O001810,P0034,237.43,3
O001811,P0007,394.1,3
O001811,P0181,447.26,4
O001812,P0170,149.0,2
O001812,P0085,49.57,1
O001813,P0193,416.4,4
O001813,P0089,253.02,1
O001813,P0046,196.8,2
O001814,P0064,319.19,4
O001815,P0106,227.43,1
O001816,P0058,74.2,3
O001817,P0142,469.22,3
O001818,P0192,65.77,4
O001818,P0101,351.36,1
O001818,P0003,350.2,1
O001819,P0143,288.01,4
O001820,P0169,476.69,3
O001820,P0171,259.95,4
O001821,P0051,8.64,1
O001821,P0069,221.18,3
O001822,P0155,337.76,1
O001822,P0113,291.71,3
O001822,P0017,36.59,2
O001823,P0085,49.57,2
O001824,P0198,102.24,2
O001824,P0106,227.43,2
O001825,P0039,336.56,2
O001825,P0058,74.2,2
O001826,P0018,414.68,1
O001826,P0050,103.95,2
O001826,P0127,76.54,1
O001827,P0104,390.48,1
O001827,P0047,147.72,4
O001827,P0009,227.94,1
O001828,P0017,36.59,3
O001829,P0192,65.77,1
O001829,P0145,137.15,1
O001829,P0081,206.16,4
O001830,P0176,220.37,1
O001831,P0034,237.43,1
O001831,P0060,335.86,4
O001831,P0018,414.68,4
O001832,P0053,334.1,2
O001832,P0077,332.65,1
O001832,P0049,74.18,2
O001833,P0198,102.24,4
O001833,P0099,481.14,3
O001834,P0015,117.48,4
O001834,P0187,51.76,3
O001834,P0045,403.36,1
O001835,P0025,101.35,1
O001836,P0033,188.38,1
O001836,P0092,225.85,4
O001837,P0121,326.67,4
O001838,P0053,334.1,1
O001838,P0149,15.7,1
O001838,P0188,374.66,2
O001839,P0085,49.57,2
O001839,P0117,361.13,3
O001840,P0003,350.2,1
O001841,P0099,481.14,4
O001841,P0163,23.52,2
O001841,P0029,343.11,4
O001842,P0033,188.38,2
O001842,P0080,333.84,1
O001843,P0149,15.7,2
O001843,P0017,36.59,3
O001844,P0190,468.72,1
O001845,P0136,479.49,1
O001845,P0008,68.42,1
O001846,P0156,144.21,4
O001846,P0005,487.93,3
O001847,P0101,351.36,4
O001848,P0124,25.6,3
O001848,P0178,446.38,1
O001849,P0015,117.48,1
O001849,P0161,458.43,3
O001850,P0006,381.76,4
O001851,P0141,247.9,3
O001852,P0152,74.42,3
O001853,P0162,118.96,4
O001853,P0168,161.98,3
O001854,P0132,292.63,1
O001854,P0011,463.75,3
O001855,P0043,159.62,1
O001855,P0100,454.75,3
O001856,P0012,323.71,1
O001857,P0090,80.39,2
O001858,P0071,207.22,1
O001859,P0096,184.1,1
O001859,P0194,80.88,1
O001860,P0106,227.43,1
O001860,P0115,429.02,4
O001861,P0045,403.36,4
O001861,P0091,349.68,4
O001862,P0037,240.47,3
O001862,P0085,49.57,2
O001862,P0154,58.74,3
O001863,P0152,74.42,4
O001864,P0036,69.31,1
O001865,P0194,80.88,1
O001866,P0001,222.24,3
O001867,P0161,458.43,4
O001868,P0170,149.0,3
O001868,P0059,61.69,2
O001869,P0050,103.95,1
O001870,P0042,351.63,3
O001870,P0035,98.79,2
O001871,P0120,294.13,4
O001871,P0019,317.67,4
O001872,P0077,332.65,1
O001872,P0193,416.4,2
O001873,P0044,416.97,3
O001873,P0157,331.41,1
O001874,P0054,354.06,2
O001875,P0130,89.44,1
O001875,P0191,124.28,2
O001875,P0028,81.37,1
O001876,P0091,349.68,3
O001877,P0034,237.43,2
O001878,P0176,220.37,1
O001878,P0114,92.5,1
O001878,P0094,154.25,4
O001879,P0166,415.75,1
O001879,P0033,188.38,2
O001880,P0140,245.9,2
O001880,P0021,180.49,3
O001881,P0025,101.35,2
O001881,P0146,169.13,4
O001882,P0111,105.17,4
O001882,P0112,156.45,1
O001883,P0182,261.83,3
O001884,P0059,61.69,1
O001884,P0051,8.64,4
O001884,P0090,80.39,1
O001885,P0170,149.0,2
O001885,P0019,317.67,2
O001886,P0097,48.39,3
O001886,P0006,381.76,4
O001886,P0095,316.99,2
O001887,P0158,364.86,2
O001887,P0085,49.57,3
O001887,P0055,391.46,3
O001888,P0009,227.94,3
O001888,P0159,385.48,2
O001889,P0043,159.62,4
O001889,P0058,74.2,2
O001890,P0029,343.11,1
O001890,P0171,259.95,2
O001891,P0148,222.26,3
O001891,P0118,218.89,1
O001891,P0072,427.43,3
O001892,P0155,337.76,1
O001892,P0074,33.86,1
O001892,P0091,349.68,2
O001893,P0130,89.44,2
O001893,P0023,447.09,4
O001894,P0100,454.75,3
O001894,P0058,74.2,2
O001894,P0066,281.81,1
O001895,P0166,415.75,4
O001895,P0089,253.02,2
O001895,P0012,323.71,3
O001896,P0199,158.61,3
O001896,P0101,351.36,1
O001896,P0182,261.83,3
O001897,P0055,391.46,4
O001897,P0150,414.01,2
O001897,P0002,430.01,3
O001898,P0043,159.62,3
O001899,P0074,33.86,2
O001900,P0125,249.53,2
O001901,P0088,84.83,1
O001901,P0183,161.38,3
O001902,P0182,261.83,4
O001902,P0137,243.74,1
O001903,P0057,286.53,1
O001903,P0091,349.68,3
O001903,P0199,158.61,2
O001904,P0056,232.16,3
O001904,P0071,207.22,4
O001905,P0177,496.23,4
O001906,P0092,225.85,2
O001907,P0179,375.56,4
O001908,P0130,89.44,2
O001909,P0028,81.37,4
O001909,P0178,446.38,2
O001910,P0192,65.77,3
O001910,P0143,288.01,3
O001910,P0049,74.18,4
O001911,P0059,61.69,2
O001912,P0046,196.8,1
O001912,P0087,233.63,1
O001913,P0176,220.37,4
O001914,P0100,454.75,2
O001914,P0152,74.42,3
O001915,P0132,292.63,4
O001915,P0165,188.61,4
O001915,P0002,430.01,4
O001916,P0097,48.39,4
O001917,P0042,351.63,2
O001917,P0053,334.1,3
O001918,P0140,245.9,2
O001918,P0045,403.36,4
O001919,P0095,316.99,1
O001920,P0084,16.24,4
O001921,P0077,332.65,2
O001921,P0144,239.38,3
O001922,P0062,284.79,3
O001922,P0056,232.16,1
O001923,P0134,297.5,4
O001924,P0138,392.45,1
O001924,P0060,335.86,2
O001925,P0083,87.65,2
O001925,P0154,58.74,2
O001926,P0071,207.22,1
O001926,P0149,15.7,2
O001926,P0078,280.73,2
O001927,P0115,429.02,4
O001927,P0169,476.69,4
O001928,P0000,388.11,3
O001929,P0137,243.74,3
O001930,P0132,292.63,1
O001931,P0166,415.75,1
O001931,P0092,225.85,2
O001931,P0129,295.88,1
O001932,P0065,279.02,4
O001932,P0090,80.39,3
O001932,P0026,236.03,4
O001933,P0089,253.02,1
O001933,P0126,168.28,1
O001934,P0064,319.19,1
O001935,P0163,23.52,1
O001936,P0194,80.88,1
O001936,P0015,117.48,3
O001937,P0061,238.19,3
O001937,P0043,159.62,3
O001938,P0140,245.9,2
O001938,P0102,136.61,2
O001938,P0015,117.48,3
O001939,P0190,468.72,2
O001939,P0156,144.21,3
O001940,P0068,20.25,2
O001940,P0048,342.84,2
O001941,P0028,81.37,3
O001941,P0145,137.15,1
O001941,P0131,462.93,4
O001942,P0169,476.69,1
O001942,P0083,87.65,3
O001942,P0004,51.62,3
O001943,P0002,430.01,2
O001943,P0145,137.15,3
O001943,P0059,61.69,2
O001944,P0123,210.82,3
O001945,P0102,136.61,4
O001945,P0101,351.36,4
O001945,P0131,462.93,3
O001946,P0036,69.31,2
O001946,P0110,230.61,4
O001947,P0150,414.01,2
O001948,P0153,279.25,3
O001948,P0173,468.34,2
O001948,P0084,16.24,4
O001949,P0047,147.72,2
O001949,P0042,351.63,3
O001949,P0137,243.74,2
O001950,P0071,207.22,4
O001950,P0183,161.38,3
O001950,P0153,279.25,4
O001951,P0132,292.63,4
O001951,P0171,259.95,2
O001952,P0148,222.26,2
O001952,P0116,380.47,4
O001953,P0119,315.52,1
O001953,P0018,414.68,1
O001954,P0034,237.43,4
O001954,P0194,80.88,2
O001955,P0194,80.88,4
O001955,P0088,84.83,3
O001956,P0183,161.38,3
O001956,P0118,218.89,3
O001956,P0186,189.96,4
O001957,P0074,33.86,1
O001957,P0041,417.18,2
O001958,P0124,25.6,3
O001959,P0008,68.42,3
O001960,P0083,87.65,1
O001960,P0193,416.4,1
O001961,P0051,8.64,1
O001961,P0041,417.18,4
O001962,P0097,48.39,3
O001962,P0100,454.75,1
O001962,P0070,111.22,4
O001963,P0140,245.9,2
O001963,P0189,134.92,1
O001964,P0125,249.53,4
O001964,P0105,359.86,1
O001965,P0088,84.83,2
O001966,P0188,374.66,2
O001966,P0035,98.79,2
O001967,P0073,120.8,1
O001968,P0033,188.38,1
O001969,P0025,101.35,4
O001969,P0057,286.53,2
O001969,P0117,361.13,1
O001970,P0140,245.9,4
O001970,P0190,468.72,1
O001971,P0071,207.22,3
O001971,P0084,16.24,2
O001972,P0080,333.84,2
O001972,P0144,239.38,2
O001973,P0088,84.83,3
O001973,P0073,120.8,1
O001973,P0067,155.46,1
O001974,P0183,161.38,4
O001974,P0162,118.96,1
O001975,P0147,262.73,3
O001976,P0186,189.96,1
O001976,P0172,131.7,1
O001977,P0145,137.15,3
O001977,P0020,380.25,3
O001978,P0089,253.02,3
O001979,P0070,111.22,2
O001979,P0068,20.25,2
O001979,P0020,380.25,1
O001980,P0078,280.73,1
O001980,P0088,84.83,1
O001981,P0099,481.14,1
O001981,P0052,394.53,4
O001981,P0195,93.74,2
O001982,P0084,16.24,3
O001982,P0047,147.72,3
O001983,P0105,359.86,4
O001983,P0114,92.5,4
O001984,P0131,462.93,3
O001985,P0069,221.18,4
O001986,P0056,232.16,2
O001987,P0005,487.93,4
O001987,P0029,343.11,1
O001987,P0168,161.98,3
O001988,P0136,479.49,3
O001988,P0041,417.18,3
O001989,P0011,463.75,4
O001989,P0037,240.47,3
O001989,P0174,86.48,3
O001990,P0066,281.81,1
O001990,P0041,417.18,3
O001990,P0152,74.42,4
O001991,P0090,80.39,4
O001992,P0011,463.75,2
O001992,P0129,295.88,2
O001992,P0172,131.7,2
O001993,P0165,188.61,4
O001993,P0018,414.68,4
O001993,P0162,118.96,3
O001994,P0157,331.41,4
O001995,P0162,118.96,1
O001996,P0113,291.71,4
O001997,P0142,469.22,1
O001997,P0067,155.46,1
O001998,P0013,412.27,3
O001998,P0044,416.97,4
O001999,P0062,284.79,3
O001999,P0023,447.09,4
